{"type":"FeatureCollection","features":[{"type":"Feature","geometry":{"type":"MultiPolygon","coordinates":[[[[51.425626,35.578401],[51.425643,35.578299],[51.425767,35.577684],[51.425966,35.576689],[51.426041,35.576325],[51.426087,35.5761],[51.426115,35.575749],[51.426194,35.57538],[51.426667,35.57276],[51.426243,35.572664],[51.426394,35.57255],[51.426543,35.572478],[51.42729,35.572228],[51.427377,35.572198],[51.428487,35.571919],[51.429043,35.571639],[51.429877,35.57136],[51.43071,35.57081],[51.431267,35.57081],[51.4321,35.570251],[51.432933,35.569971],[51.43321,35.569701],[51.434043,35.569142],[51.4346,35.568583],[51.434877,35.568312],[51.43571,35.567753],[51.436543,35.567194],[51.4371,35.567194],[51.43821,35.566365],[51.439323,35.566085],[51.439877,35.565806],[51.44031,35.565589],[51.465033,35.554492],[51.473174,35.557773],[51.478013,35.557928],[51.500193,35.558636],[51.527853,35.555196],[51.528215,35.555248],[51.530159,35.555248],[51.530992,35.555527],[51.532939,35.555527],[51.533141,35.555556],[51.534882,35.555807],[51.535715,35.555807],[51.537659,35.556086],[51.538492,35.556357],[51.540159,35.556357],[51.541549,35.556636],[51.542382,35.556916],[51.540832,35.562186],[51.540729,35.565776],[51.540374,35.570118],[51.538421,35.573673],[51.534595,35.577948],[51.531921,35.582435],[51.527632,35.586701],[51.525439,35.590258],[51.521549,35.592476],[51.520716,35.592756],[51.519326,35.594144],[51.514882,35.595803],[51.511269,35.596362],[51.509049,35.596362],[51.507659,35.596641],[51.503769,35.596641],[51.497659,35.597191],[51.496546,35.59748],[51.478213,35.59748],[51.476823,35.597191],[51.47488,35.598589],[51.47377,35.602475],[51.47377,35.603313],[51.469969,35.618774],[51.469955,35.61883],[51.469875,35.619098],[51.466767,35.619416],[51.46502,35.621483],[51.464221,35.621954],[51.463235,35.62245],[51.463298,35.619529],[51.4638,35.619475],[51.4637,35.618451],[51.463792,35.618168],[51.46365,35.61799],[51.463691,35.616939],[51.462935,35.616429],[51.462835,35.615392],[51.462658,35.61475],[51.462578,35.614457],[51.462262,35.614035],[51.461648,35.613666],[51.46053,35.613107],[51.458975,35.612741],[51.458079,35.612679],[51.457923,35.612668],[51.457248,35.612671],[51.456747,35.612865],[51.454705,35.609733],[51.455448,35.6096],[51.455404,35.60953],[51.455388,35.60932],[51.455387,35.609159],[51.455461,35.608942],[51.455642,35.608413],[51.455703,35.608183],[51.455955,35.607245],[51.455859,35.606562],[51.455582,35.60514],[51.455016,35.602265],[51.454638,35.600241],[51.454471,35.599272],[51.454451,35.599003],[51.454456,35.598774],[51.454516,35.598393],[51.45462,35.598088],[51.455254,35.596877],[51.456019,35.595542],[51.456473,35.594691],[51.457035,35.593744],[51.457431,35.593116],[51.45761,35.592989],[51.457654,35.592909],[51.458553,35.591234],[51.459651,35.589691],[51.45998,35.589188],[51.460325,35.588662],[51.460864,35.587797],[51.46143,35.586911],[51.461257,35.58687],[51.46131,35.586732],[51.461403,35.58653],[51.461512,35.586328],[51.461944,35.585671],[51.462093,35.585448],[51.462276,35.585233],[51.462452,35.585025],[51.462613,35.584834],[51.462708,35.584705],[51.462821,35.584504],[51.463083,35.584019],[51.463408,35.583376],[51.463512,35.583121],[51.463536,35.582846],[51.463608,35.582352],[51.463643,35.582223],[51.46371,35.582109],[51.463878,35.581963],[51.464022,35.581797],[51.464175,35.581612],[51.464221,35.581413],[51.464225,35.581062],[51.464267,35.580793],[51.464316,35.580658],[51.464377,35.58054],[51.464485,35.580356],[51.464856,35.579685],[51.465019,35.579375],[51.465346,35.578823],[51.466155,35.577305],[51.466296,35.577015],[51.466518,35.576668],[51.467006,35.575966],[51.467174,35.575728],[51.467448,35.575402],[51.467635,35.575195],[51.467889,35.574948],[51.468076,35.57475],[51.468356,35.574348],[51.468692,35.573817],[51.46882,35.57354],[51.468943,35.573136],[51.469248,35.572495],[51.469539,35.571922],[51.470033,35.571175],[51.470154,35.571034],[51.470261,35.570929],[51.470354,35.570929],[51.470504,35.570679],[51.470715,35.570766],[51.470887,35.57051],[51.471076,35.570633],[51.471496,35.570239],[51.472136,35.569624],[51.471861,35.569511],[51.471947,35.569125],[51.470456,35.568615],[51.469998,35.568507],[51.469323,35.568407],[51.468591,35.568344],[51.467519,35.568242],[51.466626,35.568207],[51.465385,35.570549],[51.464587,35.57212],[51.464467,35.572387],[51.463404,35.573048],[51.463108,35.57318],[51.462753,35.573333],[51.462169,35.573539],[51.461798,35.57366],[51.461408,35.573681],[51.460997,35.573747],[51.460794,35.574023],[51.460585,35.574506],[51.460368,35.575052],[51.460185,35.575518],[51.459932,35.575914],[51.458991,35.575585],[51.458651,35.576002],[51.458075,35.576783],[51.457968,35.576733],[51.456489,35.579069],[51.451507,35.577375],[51.45104,35.577214],[51.450661,35.577257],[51.448927,35.577363],[51.449119,35.578158],[51.449295,35.578887],[51.449367,35.579008],[51.449594,35.578901],[51.450624,35.578391],[51.450793,35.578954],[51.450944,35.579305],[51.450966,35.579451],[51.450981,35.579787],[51.451135,35.579881],[51.451266,35.579962],[51.451295,35.580019],[51.451305,35.580282],[51.45128,35.580446],[51.45122,35.58058],[51.451152,35.58073],[51.4511,35.580859],[51.451067,35.58096],[51.451054,35.581053],[51.45106,35.581186],[51.451056,35.58128],[51.451028,35.581414],[51.450961,35.581701],[51.450819,35.582281],[51.45056,35.582354],[51.449459,35.582008],[51.448939,35.581824],[51.44751,35.58104],[51.447173,35.580979],[51.446713,35.580957],[51.446377,35.580958],[51.445838,35.580971],[51.445339,35.58101],[51.443596,35.581081],[51.442677,35.580993],[51.442436,35.580986],[51.442031,35.581003],[51.441908,35.581037],[51.440563,35.580727],[51.439522,35.580462],[51.439161,35.580361],[51.438603,35.580276],[51.438412,35.580264],[51.437518,35.580284],[51.437355,35.580247],[51.437211,35.580204],[51.437022,35.580208],[51.436872,35.580217],[51.436571,35.580314],[51.436335,35.580399],[51.436106,35.58049],[51.435759,35.580627],[51.435082,35.580913],[51.43451,35.581135],[51.433861,35.581395],[51.4323,35.582009],[51.431825,35.582123],[51.431044,35.582317],[51.430565,35.582431],[51.430145,35.582487],[51.429761,35.582519],[51.429458,35.582525],[51.429048,35.582492],[51.428677,35.582478],[51.428285,35.582456],[51.427963,35.582412],[51.427569,35.582304],[51.427178,35.582148],[51.426889,35.582023],[51.426724,35.581959],[51.427189,35.581447],[51.428467,35.580262],[51.42806,35.57985],[51.427411,35.580019],[51.427034,35.580227],[51.426549,35.579657],[51.4261,35.578993],[51.425898,35.578785],[51.425811,35.578434],[51.425626,35.578401]]],[[[51.3955,35.580667],[51.401675,35.579716],[51.412083,35.576696],[51.417789,35.574934],[51.41797,35.574875],[51.418066,35.574843],[51.418123,35.574857],[51.418185,35.574906],[51.417446,35.575485],[51.417597,35.577901],[51.417838,35.578321],[51.417489,35.578723],[51.417424,35.578928],[51.417703,35.579144],[51.417064,35.579622],[51.417025,35.5798],[51.41739,35.580048],[51.416777,35.580558],[51.416556,35.581202],[51.416854,35.581277],[51.416632,35.581823],[51.416227,35.582949],[51.417393,35.58321],[51.416936,35.584673],[51.417007,35.585618],[51.417264,35.586742],[51.417081,35.587148],[51.417075,35.58724],[51.417221,35.587326],[51.417135,35.58858],[51.417149,35.588829],[51.417247,35.589904],[51.417417,35.590097],[51.417425,35.590303],[51.417275,35.591065],[51.416755,35.592158],[51.415762,35.592125],[51.414937,35.59392],[51.414044,35.595861],[51.414124,35.59599],[51.414001,35.596258],[51.413825,35.596737],[51.413398,35.597692],[51.413289,35.597635],[51.412326,35.598797],[51.411725,35.600156],[51.411423,35.60072],[51.410644,35.601921],[51.410445,35.602852],[51.409494,35.603237],[51.407887,35.60312],[51.407808,35.603561],[51.408269,35.604228],[51.407787,35.604446],[51.407813,35.604607],[51.407624,35.604665],[51.407662,35.604835],[51.407026,35.604968],[51.407026,35.60505],[51.406309,35.605225],[51.406777,35.607021],[51.407274,35.608999],[51.407616,35.610416],[51.407719,35.610924],[51.407723,35.610945],[51.40743,35.610997],[51.407053,35.610896],[51.4063,35.610861],[51.404934,35.611162],[51.40357,35.611668],[51.402427,35.612356],[51.401064,35.60593],[51.397802,35.591657],[51.3955,35.580667]]]]},"properties":{"id":12,"osm_id":-6556212,"name":"بخش مرکزی","type":"administrative","admin_leve":7}},{"type":"Feature","properties":{"fill":"#312E81","fill-opacity":0.3},"geometry":{"type":"Point","coordinates":[51.407138,35.705325]}},{"type":"Feature","geometry":{"type":"Polygon","coordinates":[[[51.002375,35.721506],[51.006245,35.719423],[51.007218,35.717647],[51.009025,35.715808],[51.010135,35.714979],[51.017915,35.708037],[51.01968,35.705879],[51.020415,35.704981],[51.026346,35.703312],[51.027927,35.702884],[51.028658,35.702686],[51.028803,35.702647],[51.029308,35.70251],[51.02949,35.702461],[51.030127,35.702288],[51.030278,35.702248],[51.03515,35.701086],[51.039023,35.699789],[51.039723,35.699555],[51.046671,35.697228],[51.054624,35.69348],[51.065567,35.690289],[51.074769,35.687186],[51.074774,35.687184],[51.074779,35.687187],[51.074779,35.687187],[51.080595,35.690626],[51.080602,35.690631],[51.080609,35.690626],[51.083074,35.688721],[51.084027,35.687753],[51.08736,35.683029],[51.087637,35.682759],[51.09264,35.677476],[51.099027,35.674699],[51.10014,35.674699],[51.100974,35.67442],[51.102917,35.67442],[51.10486,35.67359],[51.111014,35.673231],[51.11514,35.67414],[51.124583,35.678864],[51.12514,35.678864],[51.125417,35.679144],[51.13042,35.681641],[51.131253,35.681641],[51.136807,35.684138],[51.137363,35.683868],[51.137817,35.683412],[51.138753,35.6822],[51.13903,35.679973],[51.140697,35.675808],[51.14153,35.672193],[51.142087,35.669975],[51.142363,35.669696],[51.145269,35.666768],[51.149863,35.668866],[51.15042,35.668866],[51.150696,35.669146],[51.179019,35.69034],[51.178949,35.690371],[51.191223,35.700578],[51.190715,35.700783],[51.185948,35.70252],[51.183638,35.70335],[51.182852,35.703656],[51.180203,35.704624],[51.179874,35.704706],[51.177758,35.705227],[51.174049,35.70623],[51.166428,35.70807],[51.162051,35.709327],[51.159198,35.710303],[51.152285,35.712146],[51.147191,35.713882],[51.143319,35.715317],[51.141026,35.716325],[51.139054,35.717509],[51.13806,35.718268],[51.135838,35.719898],[51.13389,35.721546],[51.131668,35.723535],[51.128423,35.726585],[51.125218,35.73106],[51.123637,35.732858],[51.116438,35.736419],[51.113755,35.737488],[51.113663,35.737515],[51.11363,35.737524],[51.114292,35.736003],[51.115528,35.733158],[51.115533,35.733158],[51.115582,35.733038],[51.1156,35.732993],[51.114971,35.731893],[51.114942,35.731842],[51.11503,35.731782],[51.115062,35.731761],[51.115044,35.731733],[51.114864,35.731368],[51.114605,35.730595],[51.114583,35.73053],[51.114473,35.730464],[51.114322,35.730532],[51.114255,35.730563],[51.11424,35.730569],[51.114051,35.730657],[51.113072,35.731171],[51.112573,35.731441],[51.112386,35.731525],[51.11154,35.731508],[51.111449,35.731509],[51.110929,35.73053],[51.109946,35.730773],[51.10857,35.731114],[51.107945,35.731268],[51.107534,35.731899],[51.107494,35.73187],[51.107172,35.732508],[51.107039,35.733755],[51.106497,35.733894],[51.106463,35.733814],[51.105921,35.733975],[51.105773,35.733539],[51.104392,35.733823],[51.103499,35.733836],[51.103284,35.733366],[51.101989,35.732394],[51.101853,35.732017],[51.10085,35.732246],[51.100088,35.732289],[51.097833,35.732238],[51.096062,35.729336],[51.095433,35.728165],[51.09449,35.728512],[51.093446,35.728385],[51.09239,35.728049],[51.09071,35.727568],[51.088245,35.723208],[51.088213,35.723152],[51.090758,35.721856],[51.090896,35.721294],[51.09091,35.721236],[51.090912,35.721227],[51.08847,35.720253],[51.08625,35.719982],[51.078471,35.721091],[51.074027,35.72275],[51.073471,35.723309],[51.069861,35.725256],[51.067081,35.727194],[51.064304,35.7297],[51.061247,35.732197],[51.049857,35.736921],[51.047081,35.736921],[51.046248,35.737201],[51.044858,35.737201],[51.039581,35.739698],[51.028748,35.742474],[51.027813,35.742414],[51.027778,35.74235],[51.027747,35.742294],[51.028778,35.741741],[51.028808,35.741725],[51.028642,35.741385],[51.026927,35.741204],[51.025505,35.741803],[51.024856,35.740887],[51.024214,35.739981],[51.024207,35.739971],[51.024288,35.739429],[51.024472,35.738195],[51.024483,35.73812],[51.022384,35.73849],[51.022013,35.738601],[51.021735,35.737548],[51.021656,35.737248],[51.021493,35.737276],[51.02093,35.735942],[51.020414,35.734869],[51.020386,35.734811],[51.021904,35.734067],[51.021938,35.734051],[51.021489,35.733236],[51.021237,35.733336],[51.020307,35.733708],[51.020304,35.732469],[51.020083,35.732471],[51.02003,35.732265],[51.01939,35.73231],[51.019383,35.732274],[51.019362,35.732167],[51.019257,35.73217],[51.019207,35.731792],[51.018992,35.731798],[51.018945,35.731488],[51.018752,35.731489],[51.018758,35.731562],[51.018797,35.732001],[51.018788,35.732002],[51.016304,35.732218],[51.015521,35.732286],[51.015423,35.731142],[51.015251,35.731147],[51.015208,35.730779],[51.013681,35.730858],[51.013599,35.729765],[51.013535,35.728919],[51.013209,35.728932],[51.013091,35.728119],[51.012776,35.728137],[51.012786,35.728209],[51.012891,35.728977],[51.012879,35.728978],[51.012205,35.729006],[51.01221,35.729079],[51.012264,35.729848],[51.01235,35.731345],[51.012343,35.731347],[51.011962,35.731473],[51.01168,35.731566],[51.010191,35.732057],[51.009999,35.732121],[51.009497,35.732286],[51.009442,35.732171],[51.009009,35.732269],[51.007544,35.732133],[51.007527,35.731493],[51.007467,35.729132],[51.007465,35.72906],[51.008156,35.728983],[51.008174,35.728981],[51.007984,35.72811],[51.007778,35.727166],[51.007754,35.726869],[51.006709,35.72683],[51.006212,35.726812],[51.003228,35.726703],[51.003053,35.726696],[51.003053,35.726673],[51.003053,35.72449],[51.002375,35.721506]]]},"properties":{"id":7,"osm_id":-6555148,"name":"شهرستان قدس","type":"administrative","admin_leve":6}},{"type":"Feature","geometry":{"type":"Polygon","coordinates":[[[50.942149,35.719369],[50.943138,35.718925],[50.943166,35.718912],[50.942887,35.718255],[50.942859,35.718187],[50.943883,35.718029],[50.944484,35.718321],[50.945191,35.718165],[50.945181,35.718147],[50.945624,35.718013],[50.947479,35.717452],[50.947501,35.717445],[50.947329,35.716851],[50.94731,35.716787],[50.947483,35.716708],[50.948374,35.716296],[50.948689,35.717005],[50.949947,35.716848],[50.949949,35.716848],[50.949949,35.716054],[50.949949,35.715981],[50.953416,35.715587],[50.954204,35.716769],[50.957327,35.71616],[50.960588,35.715197],[50.962543,35.714823],[50.968876,35.71334],[50.968717,35.711886],[50.966648,35.70959],[50.965159,35.708003],[50.963865,35.706126],[50.96447,35.705917],[50.977305,35.703557],[50.99014,35.701264],[50.989648,35.699394],[50.98963,35.699328],[50.997681,35.696577],[51.00247,35.695037],[51.005362,35.696559],[51.006654,35.705404],[51.006642,35.705413],[51.004811,35.706788],[51.00037,35.706537],[50.999431,35.702942],[50.998462,35.701589],[50.995857,35.701157],[50.995131,35.701406],[50.994001,35.702817],[50.994026,35.702856],[50.994488,35.70357],[50.994567,35.70476],[50.994629,35.705692],[50.994622,35.705704],[50.994158,35.706596],[50.994151,35.706609],[50.994158,35.706665],[50.994271,35.707647],[50.994361,35.707715],[50.994486,35.708554],[50.994589,35.709247],[50.996235,35.709115],[50.996483,35.709095],[50.996496,35.709674],[50.997191,35.709677],[50.998111,35.710777],[50.998178,35.71084],[50.998233,35.710917],[50.998259,35.711048],[50.998242,35.711049],[50.998043,35.711061],[50.998043,35.711101],[50.998126,35.711102],[50.998125,35.711129],[50.998126,35.711129],[50.998374,35.71113],[50.998422,35.711183],[50.998754,35.711652],[50.998786,35.711696],[50.999606,35.712851],[51.000604,35.71279],[51.002186,35.712672],[51.002468,35.712693],[51.004313,35.712829],[51.004304,35.712902],[51.004162,35.713991],[51.003848,35.714136],[51.002097,35.71494],[51.001643,35.715149],[50.993923,35.718696],[50.993936,35.718761],[50.993955,35.718858],[50.994228,35.720945],[50.995964,35.720802],[51.002122,35.720392],[51.002375,35.721506],[51.003053,35.72449],[51.003053,35.726673],[51.003053,35.726696],[51.003228,35.726703],[51.006212,35.726812],[51.006709,35.72683],[51.007754,35.726869],[51.007778,35.727166],[51.007984,35.72811],[51.008174,35.728981],[51.008156,35.728983],[51.007465,35.72906],[51.007467,35.729132],[51.007527,35.731493],[51.007544,35.732133],[51.009009,35.732269],[51.009442,35.732171],[51.009497,35.732286],[51.009999,35.732121],[51.010191,35.732057],[51.01168,35.731566],[51.011962,35.731473],[51.012343,35.731347],[51.01235,35.731345],[51.012264,35.729848],[51.01221,35.729079],[51.012205,35.729006],[51.012879,35.728978],[51.012891,35.728977],[51.012786,35.728209],[51.012776,35.728137],[51.013091,35.728119],[51.013209,35.728932],[51.013535,35.728919],[51.013599,35.729765],[51.013681,35.730858],[51.015208,35.730779],[51.015251,35.731147],[51.015423,35.731142],[51.015521,35.732286],[51.016304,35.732218],[51.018788,35.732002],[51.018797,35.732001],[51.018758,35.731562],[51.018752,35.731489],[51.018945,35.731488],[51.018992,35.731798],[51.019207,35.731792],[51.019257,35.73217],[51.019362,35.732167],[51.019383,35.732274],[51.01939,35.73231],[51.02003,35.732265],[51.020083,35.732471],[51.020304,35.732469],[51.020307,35.733708],[51.021237,35.733336],[51.021489,35.733236],[51.021938,35.734051],[51.021904,35.734067],[51.020386,35.734811],[51.020414,35.734869],[51.02093,35.735942],[51.021493,35.737276],[51.021656,35.737248],[51.021735,35.737548],[51.022013,35.738601],[51.022384,35.73849],[51.024483,35.73812],[51.024472,35.738195],[51.024288,35.739429],[51.024207,35.739971],[51.024214,35.739981],[51.024856,35.740887],[51.025505,35.741803],[51.026927,35.741204],[51.028642,35.741385],[51.028808,35.741725],[51.028778,35.741741],[51.027747,35.742294],[51.027778,35.74235],[51.027813,35.742414],[51.028748,35.742474],[51.039581,35.739698],[51.044858,35.737201],[51.046248,35.737201],[51.047081,35.736921],[51.049857,35.736921],[51.061247,35.732197],[51.064304,35.7297],[51.067081,35.727194],[51.067048,35.727294],[51.064386,35.735506],[51.06261,35.740985],[51.0624,35.741634],[51.057752,35.749281],[51.056164,35.751894],[51.052845,35.757355],[51.043149,35.766868],[51.035043,35.770977],[51.024398,35.770636],[51.019423,35.768899],[51.016245,35.770421],[51.011071,35.771852],[51.007865,35.77142],[51.007292,35.771354],[51.002616,35.770821],[50.99837,35.770841],[50.995382,35.772561],[50.99118,35.774291],[50.990892,35.77441],[50.988252,35.775497],[50.982728,35.770276],[50.982371,35.769938],[50.981462,35.769079],[50.980166,35.767854],[50.96623,35.753407],[50.971125,35.748921],[50.976085,35.74161],[50.972405,35.738954],[50.96957,35.736958],[50.967919,35.735641],[50.966183,35.734249],[50.963164,35.73215],[50.960727,35.730267],[50.959656,35.729488],[50.956267,35.733942],[50.95514,35.733914],[50.953889,35.733866],[50.951525,35.733787],[50.950107,35.732527],[50.949083,35.732369],[50.947743,35.729454],[50.94601,35.729454],[50.943592,35.723136],[50.942173,35.71943],[50.942149,35.719369]]]},"properties":{"id":24,"osm_id":-6555935,"name":"بخش مرکزی","type":"administrative","admin_leve":7}},{"type":"Feature","geometry":{"type":"Polygon","coordinates":[[[51.343609,35.541042],[51.34669,35.540561],[51.355593,35.536439],[51.362176,35.543571],[51.367937,35.548892],[51.372707,35.536431],[51.377591,35.534557],[51.394937,35.536265],[51.395966,35.536366],[51.401366,35.539166],[51.400105,35.550045],[51.3981,35.565175],[51.405497,35.562212],[51.418208,35.574184],[51.41848,35.574439],[51.418637,35.574553],[51.418185,35.574906],[51.418123,35.574857],[51.418066,35.574843],[51.41797,35.574875],[51.417789,35.574934],[51.412083,35.576696],[51.401675,35.579716],[51.3955,35.580667],[51.397802,35.591657],[51.401064,35.60593],[51.402427,35.612356],[51.402201,35.612492],[51.400153,35.614411],[51.397328,35.614388],[51.39529,35.614359],[51.391906,35.614378],[51.389315,35.614301],[51.387577,35.614306],[51.386021,35.614312],[51.384772,35.614342],[51.383524,35.614372],[51.380543,35.614367],[51.37966,35.605304],[51.377731,35.60052],[51.371852,35.580509],[51.364981,35.566445],[51.35483,35.553639],[51.343609,35.541042]]]},"properties":{"id":25,"osm_id":-6556405,"name":"آفتاب","type":"administrative","admin_leve":8}},{"type":"Feature","geometry":{"type":"Polygon","coordinates":[[[51.445817,35.665688],[51.445982,35.665503],[51.44594,35.665322],[51.445875,35.665211],[51.449105,35.664756],[51.4502,35.664607],[51.454765,35.661539],[51.456641,35.660369],[51.457285,35.660081],[51.458123,35.659857],[51.45972,35.659401],[51.460607,35.659029],[51.461325,35.658471],[51.461753,35.658115],[51.462265,35.658457],[51.462746,35.658739],[51.463224,35.658863],[51.46507,35.659438],[51.465778,35.659621],[51.466147,35.659611],[51.467346,35.659289],[51.468411,35.65907],[51.469076,35.658801],[51.469923,35.658652],[51.488536,35.656047],[51.488894,35.657147],[51.489175,35.658006],[51.489528,35.659085],[51.490117,35.660781],[51.490414,35.661648],[51.49085,35.662767],[51.50188,35.660319],[51.49746,35.647068],[51.498104,35.645847],[51.499263,35.64494],[51.50141,35.644737],[51.502403,35.644637],[51.502556,35.644625],[51.505469,35.644364],[51.507592,35.644163],[51.507796,35.644546],[51.508576,35.645462],[51.509505,35.646243],[51.510416,35.647062],[51.51154,35.647776],[51.512606,35.648489],[51.513665,35.649116],[51.514614,35.650596],[51.515141,35.651725],[51.515494,35.652807],[51.51608,35.654123],[51.516376,35.655394],[51.516615,35.656571],[51.516913,35.657983],[51.517275,35.660526],[51.517629,35.661702],[51.518098,35.662784],[51.518625,35.663912],[51.519441,35.665039],[51.520313,35.666025],[51.521301,35.66701],[51.52246,35.667712],[51.522817,35.667966],[51.523247,35.669126],[51.513997,35.673043],[51.514243,35.673701],[51.519059,35.677058],[51.505782,35.69016],[51.505739,35.690606],[51.505726,35.690896],[51.505665,35.691018],[51.505574,35.691108],[51.505381,35.691192],[51.50418,35.691424],[51.500537,35.692006],[51.50009,35.692041],[51.499395,35.692031],[51.498832,35.692119],[51.494938,35.692922],[51.491738,35.692735],[51.447352,35.689598],[51.447496,35.689315],[51.446567,35.6772],[51.44617,35.671142],[51.445817,35.665688]]]},"properties":{"id":51,"osm_id":-6729033,"name":"منطقه ۱۴ شهر تهران","type":"administrative","admin_leve":10}},{"type":"Feature","geometry":{"type":"Polygon","coordinates":[[[51.458877,35.728638],[51.458938,35.727775],[51.459062,35.727222],[51.459754,35.725668],[51.462447,35.7214],[51.463863,35.719344],[51.464533,35.718072],[51.465027,35.717297],[51.46654,35.715154],[51.471325,35.710171],[51.472204,35.709204],[51.472387,35.708925],[51.474651,35.709649],[51.477279,35.710476],[51.486656,35.713368],[51.49702,35.716557],[51.505743,35.719196],[51.514937,35.722097],[51.519057,35.723351],[51.519626,35.723429],[51.519969,35.723429],[51.52028,35.723229],[51.520527,35.722863],[51.520795,35.722741],[51.521343,35.722724],[51.521707,35.722785],[51.521857,35.722889],[51.522791,35.723769],[51.524701,35.723873],[51.528445,35.724143],[51.534228,35.724492],[51.538155,35.724771],[51.538621,35.724899],[51.538407,35.72658],[51.538364,35.728461],[51.53742,35.729472],[51.535746,35.730412],[51.502347,35.734784],[51.493539,35.735873],[51.491919,35.736064],[51.490771,35.736352],[51.490063,35.736448],[51.488271,35.736718],[51.484419,35.737362],[51.481909,35.73771],[51.481029,35.737832],[51.47633,35.738808],[51.475171,35.739008],[51.474109,35.7392],[51.471952,35.739539],[51.469066,35.740027],[51.467199,35.740305],[51.466847,35.740346],[51.465912,35.738932],[51.463809,35.736145],[51.461256,35.733132],[51.459442,35.731163],[51.459292,35.73092],[51.459239,35.730432],[51.458949,35.730022],[51.458885,35.729604],[51.458877,35.728638]]]},"properties":{"id":52,"osm_id":-6729035,"name":"منطقه ۸ شهر تهران","type":"administrative","admin_leve":10}},{"type":"Feature","geometry":{"type":"Polygon","coordinates":[[[51.431054,35.659408],[51.431151,35.658981],[51.433543,35.651056],[51.433919,35.648258],[51.434434,35.644178],[51.434584,35.643707],[51.43467,35.643131],[51.435871,35.633261],[51.436225,35.629686],[51.436547,35.627235],[51.438425,35.627811],[51.442051,35.62863],[51.444154,35.629014],[51.448274,35.62938],[51.452651,35.629468],[51.452919,35.629188],[51.45308,35.628875],[51.453166,35.628473],[51.454175,35.628037],[51.455339,35.627732],[51.456406,35.627305],[51.457329,35.626869],[51.460462,35.625142],[51.463235,35.62245],[51.464221,35.621954],[51.46502,35.621483],[51.466767,35.619416],[51.469875,35.619098],[51.472171,35.617971],[51.472301,35.617895],[51.472908,35.618072],[51.47787,35.612649],[51.480042,35.613983],[51.480217,35.613965],[51.480261,35.613943],[51.480648,35.613742],[51.480774,35.613685],[51.483815,35.612453],[51.485875,35.611443],[51.487181,35.610817],[51.489325,35.60979],[51.490326,35.609274],[51.492979,35.607979],[51.493916,35.608625],[51.495473,35.607515],[51.498412,35.605744],[51.50052,35.606345],[51.502225,35.607556],[51.502843,35.608662],[51.500097,35.611112],[51.49886,35.612179],[51.498746,35.612533],[51.499617,35.612931],[51.498495,35.614021],[51.499221,35.614467],[51.500381,35.614934],[51.501307,35.615722],[51.501123,35.615908],[51.499742,35.617184],[51.497815,35.618991],[51.497678,35.619127],[51.497123,35.619732],[51.496925,35.619947],[51.496208,35.620729],[51.498379,35.621229],[51.499332,35.621449],[51.499904,35.622325],[51.502767,35.623301],[51.505033,35.623733],[51.507468,35.623763],[51.50738,35.624834],[51.507123,35.627033],[51.507132,35.627779],[51.506846,35.631518],[51.505982,35.631485],[51.505452,35.633807],[51.512227,35.634363],[51.512061,35.635981],[51.511268,35.636032],[51.511217,35.63718],[51.508179,35.637044],[51.507404,35.637013],[51.506534,35.636923],[51.504396,35.636702],[51.502069,35.636461],[51.501673,35.63794],[51.501403,35.63924],[51.500934,35.640875],[51.501056,35.641297],[51.501344,35.642757],[51.50153,35.643845],[51.50141,35.644737],[51.499263,35.64494],[51.498104,35.645847],[51.49746,35.647068],[51.50188,35.660319],[51.49085,35.662767],[51.490414,35.661648],[51.490117,35.660781],[51.489528,35.659085],[51.489175,35.658006],[51.488894,35.657147],[51.488536,35.656047],[51.469923,35.658652],[51.469076,35.658801],[51.468411,35.65907],[51.467346,35.659289],[51.466147,35.659611],[51.465778,35.659621],[51.46507,35.659438],[51.463224,35.658863],[51.462746,35.658739],[51.462265,35.658457],[51.461753,35.658115],[51.461325,35.658471],[51.460607,35.659029],[51.45972,35.659401],[51.458123,35.659857],[51.457285,35.660081],[51.456641,35.660369],[51.454765,35.661539],[51.4502,35.664607],[51.449105,35.664756],[51.445875,35.665211],[51.445793,35.665152],[51.44568,35.665122],[51.445455,35.661879],[51.445404,35.661217],[51.445382,35.660894],[51.445307,35.660785],[51.445125,35.660681],[51.443306,35.660528],[51.440951,35.660389],[51.440254,35.660349],[51.439106,35.660197],[51.437523,35.659896],[51.437084,35.65987],[51.435067,35.659556],[51.431301,35.659696],[51.431236,35.659573],[51.431054,35.659408]]]},"properties":{"id":54,"osm_id":-6729032,"name":"منطقه ۱۵ شهر تهران","type":"administrative","admin_leve":10}},{"type":"Feature","geometry":{"type":"Polygon","coordinates":[[[51.446922,35.741991],[51.450468,35.74176],[51.453649,35.741459],[51.456964,35.741155],[51.457822,35.741111],[51.458944,35.741194],[51.459587,35.741246],[51.460269,35.741281],[51.46103,35.741211],[51.461663,35.741085],[51.462613,35.740798],[51.46367,35.740523],[51.464989,35.740497],[51.465826,35.740462],[51.466847,35.740346],[51.467199,35.740305],[51.469066,35.740027],[51.471952,35.739539],[51.474109,35.7392],[51.475171,35.739008],[51.47633,35.738808],[51.481029,35.737832],[51.481909,35.73771],[51.484419,35.737362],[51.488271,35.736718],[51.490063,35.736448],[51.490771,35.736352],[51.491919,35.736064],[51.493539,35.735873],[51.502347,35.734784],[51.535746,35.730412],[51.53742,35.729472],[51.538364,35.728461],[51.538407,35.72658],[51.538621,35.724899],[51.544372,35.725186],[51.552225,35.725744],[51.559178,35.726197],[51.56274,35.726057],[51.566173,35.725186],[51.571537,35.724141],[51.580893,35.723723],[51.584798,35.723863],[51.588155,35.72347],[51.588225,35.726105],[51.588786,35.726486],[51.589196,35.726761],[51.589512,35.726981],[51.590085,35.727377],[51.59082,35.727868],[51.591287,35.728189],[51.591571,35.728379],[51.591667,35.728446],[51.591745,35.728504],[51.591918,35.728618],[51.59202,35.728695],[51.592259,35.728897],[51.592553,35.729153],[51.592872,35.729438],[51.593237,35.729761],[51.593575,35.730037],[51.5939,35.730302],[51.594156,35.73053],[51.595435,35.731668],[51.595704,35.731924],[51.595922,35.732151],[51.596065,35.732258],[51.596364,35.732444],[51.597641,35.733166],[51.597991,35.733353],[51.598237,35.733489],[51.598438,35.733613],[51.598958,35.734013],[51.600201,35.734922],[51.60055,35.735213],[51.600953,35.735517],[51.601406,35.735857],[51.601557,35.735956],[51.601669,35.736104],[51.601809,35.736305],[51.601949,35.736494],[51.602179,35.736817],[51.602549,35.737319],[51.604595,35.739989],[51.60479,35.740282],[51.604948,35.740557],[51.6051,35.740926],[51.605199,35.74125],[51.605349,35.74176],[51.605478,35.742168],[51.606301,35.744033],[51.606264,35.744047],[51.606265,35.74405],[51.606006,35.744144],[51.605595,35.744286],[51.605369,35.744367],[51.605345,35.744375],[51.605302,35.74439],[51.605018,35.744484],[51.604479,35.744663],[51.603863,35.744828],[51.602789,35.745115],[51.600941,35.745588],[51.600849,35.74561],[51.599477,35.746115],[51.599095,35.746258],[51.597801,35.746737],[51.597716,35.746773],[51.595865,35.747578],[51.595784,35.747607],[51.595166,35.747833],[51.59475,35.747985],[51.594096,35.74822],[51.593856,35.74826],[51.592867,35.748438],[51.592459,35.748437],[51.591126,35.748426],[51.590459,35.748419],[51.588514,35.748455],[51.588121,35.748543],[51.587124,35.748786],[51.586622,35.748916],[51.585141,35.74955],[51.583092,35.750434],[51.579572,35.75211],[51.579553,35.75212],[51.578167,35.753064],[51.577301,35.754288],[51.576815,35.755158],[51.576805,35.755175],[51.576788,35.755207],[51.575846,35.756894],[51.574888,35.758023],[51.574613,35.758354],[51.574494,35.758487],[51.574433,35.758559],[51.572756,35.759878],[51.572456,35.760115],[51.570253,35.761849],[51.570139,35.761936],[51.569992,35.762052],[51.569693,35.762277],[51.569275,35.762597],[51.568848,35.762914],[51.567618,35.76384],[51.567595,35.763854],[51.567587,35.76386],[51.56731,35.764026],[51.564958,35.765443],[51.564788,35.765549],[51.564218,35.765919],[51.562368,35.767134],[51.560932,35.768095],[51.560547,35.768351],[51.560391,35.768456],[51.559974,35.768703],[51.559805,35.768805],[51.558899,35.769361],[51.557332,35.770088],[51.557254,35.770124],[51.556219,35.770485],[51.554167,35.771203],[51.551047,35.772301],[51.547685,35.773472],[51.544208,35.77469],[51.54401,35.774759],[51.542392,35.775325],[51.540238,35.775974],[51.537547,35.776546],[51.534897,35.77696],[51.533931,35.777111],[51.527439,35.777505],[51.526565,35.777171],[51.522645,35.777419],[51.521497,35.777628],[51.520156,35.778029],[51.518815,35.77862],[51.517324,35.779717],[51.515489,35.781005],[51.513837,35.78205],[51.509481,35.783495],[51.506005,35.784452],[51.503161,35.785287],[51.50108,35.785801],[51.498784,35.786149],[51.497261,35.785818],[51.494578,35.785427],[51.492014,35.785366],[51.48959,35.786106],[51.485867,35.787829],[51.48327,35.788899],[51.48077,35.790013],[51.479161,35.790335],[51.477777,35.790257],[51.476528,35.790124],[51.476346,35.790117],[51.475195,35.788894],[51.474002,35.787695],[51.473377,35.787103],[51.473165,35.786918],[51.472714,35.786696],[51.471976,35.786498],[51.471435,35.786372],[51.470898,35.786255],[51.47048,35.78605],[51.470094,35.785367],[51.468211,35.781546],[51.466612,35.778064],[51.464295,35.775349],[51.462267,35.77312],[51.460196,35.770726],[51.457868,35.767984],[51.456591,35.766496],[51.456044,35.765843],[51.455454,35.763893],[51.45466,35.761655],[51.45437,35.761055],[51.453823,35.76041],[51.452525,35.754743],[51.452268,35.753576],[51.45127,35.752905],[51.449618,35.751895],[51.448995,35.751625],[51.449167,35.750302],[51.449467,35.748308],[51.449478,35.747777],[51.44936,35.747106],[51.448942,35.746166],[51.448555,35.745591],[51.447297,35.743562],[51.447221,35.743336],[51.447099,35.742975],[51.446922,35.741991]]]},"properties":{"id":55,"osm_id":-6728863,"name":"منطقه ۴ شهر تهران","type":"administrative","admin_leve":10}},{"type":"Feature","geometry":{"type":"Polygon","coordinates":[[[51.331932,35.74988],[51.332103,35.748774],[51.332361,35.746188],[51.332688,35.743388],[51.333047,35.740654],[51.333203,35.739443],[51.333482,35.737262],[51.333777,35.735268],[51.334088,35.732398],[51.334211,35.731466],[51.334539,35.729023],[51.334678,35.727908],[51.33511,35.725306],[51.33525,35.724085],[51.335402,35.722865],[51.33563,35.722375],[51.335719,35.722262],[51.335748,35.722164],[51.335738,35.722105],[51.335722,35.722007],[51.335719,35.721813],[51.335727,35.721454],[51.335673,35.72091],[51.335692,35.720825],[51.335769,35.720337],[51.335903,35.719131],[51.335999,35.718133],[51.33609,35.717798],[51.336074,35.717602],[51.336074,35.717232],[51.336149,35.716199],[51.336133,35.715868],[51.336015,35.715185],[51.335946,35.714636],[51.335967,35.713974],[51.336042,35.713499],[51.336192,35.71288],[51.33641,35.71201],[51.33652,35.711569],[51.33663,35.71109],[51.336898,35.709766],[51.337493,35.705358],[51.33774,35.703406],[51.337971,35.70257],[51.338335,35.702213],[51.338872,35.701969],[51.340041,35.701516],[51.340631,35.701071],[51.341168,35.700645],[51.341565,35.700296],[51.342053,35.699895],[51.354986,35.700171],[51.37807,35.700662],[51.377893,35.702744],[51.377614,35.705227],[51.377646,35.705689],[51.377807,35.706534],[51.377828,35.706891],[51.377925,35.712162],[51.378,35.714305],[51.378032,35.716657],[51.378204,35.718216],[51.378354,35.719218],[51.378697,35.720185],[51.379255,35.72143],[51.379598,35.722171],[51.380006,35.722859],[51.380639,35.723817],[51.381401,35.724967],[51.382463,35.726552],[51.382978,35.727719],[51.383214,35.728598],[51.383289,35.729034],[51.383332,35.729635],[51.383364,35.730671],[51.383407,35.731542],[51.38345,35.733563],[51.383547,35.737969],[51.383536,35.739894],[51.383633,35.741183],[51.383869,35.742454],[51.38412,35.743005],[51.384619,35.744294],[51.385391,35.745861],[51.385842,35.747098],[51.385987,35.748299],[51.386062,35.749849],[51.386116,35.751216],[51.386255,35.75328],[51.386295,35.754168],[51.386446,35.75496],[51.38673,35.755848],[51.387095,35.75661],[51.387958,35.758295],[51.38828,35.758909],[51.388522,35.759579],[51.388602,35.760101],[51.388666,35.76085],[51.388484,35.762017],[51.388237,35.763401],[51.387411,35.768346],[51.387341,35.769147],[51.387384,35.769878],[51.387513,35.770626],[51.387728,35.771462],[51.388017,35.772193],[51.388725,35.773386],[51.389594,35.774718],[51.390109,35.775492],[51.39056,35.776154],[51.391751,35.777947],[51.392513,35.779183],[51.393006,35.780175],[51.393135,35.781159],[51.393135,35.782012],[51.392963,35.782908],[51.392116,35.786685],[51.391869,35.7882],[51.391869,35.788618],[51.391944,35.789105],[51.392231,35.789419],[51.391953,35.790185],[51.391437,35.790866],[51.390902,35.791538],[51.390597,35.791728],[51.390131,35.791998],[51.389695,35.792193],[51.389233,35.792365],[51.388549,35.792548],[51.387873,35.792672],[51.387531,35.792683],[51.386964,35.792672],[51.386437,35.792685],[51.385701,35.792572],[51.385016,35.792385],[51.385104,35.79272],[51.385348,35.793033],[51.385445,35.793181],[51.385431,35.793325],[51.385844,35.793969],[51.385989,35.794539],[51.386067,35.794739],[51.386064,35.794991],[51.386346,35.7954],[51.386719,35.795809],[51.387037,35.796205],[51.387187,35.79664],[51.386887,35.797522],[51.386479,35.798381],[51.386563,35.800238],[51.38607,35.801204],[51.385803,35.801796],[51.385127,35.80237],[51.384472,35.803084],[51.384601,35.803641],[51.384558,35.804372],[51.384236,35.805068],[51.384086,35.805764],[51.384065,35.806077],[51.38356,35.806321],[51.383153,35.80653],[51.382724,35.806878],[51.382552,35.807243],[51.381994,35.807609],[51.381672,35.807626],[51.38135,35.808357],[51.381651,35.808635],[51.381501,35.809227],[51.382026,35.809732],[51.382241,35.810393],[51.382187,35.811298],[51.381779,35.811733],[51.381801,35.812585],[51.381522,35.812829],[51.381248,35.813812],[51.380916,35.814134],[51.380755,35.814743],[51.380798,35.815117],[51.380551,35.815491],[51.380296,35.816251],[51.380003,35.815936],[51.380256,35.815605],[51.380136,35.814968],[51.379969,35.814762],[51.37968,35.814725],[51.379764,35.814668],[51.379676,35.814619],[51.379904,35.814434],[51.379864,35.814187],[51.380018,35.814142],[51.379897,35.813925],[51.380072,35.813735],[51.380105,35.813541],[51.380572,35.813391],[51.380443,35.813008],[51.380472,35.812418],[51.380579,35.811741],[51.381009,35.811257],[51.380935,35.811036],[51.380815,35.810877],[51.380224,35.810747],[51.380422,35.810199],[51.379786,35.809782],[51.379514,35.809425],[51.379183,35.809262],[51.379155,35.80916],[51.378872,35.808955],[51.37878,35.808969],[51.37879,35.80871],[51.378572,35.808423],[51.37834,35.808202],[51.377976,35.80805],[51.377812,35.807853],[51.377651,35.80767],[51.377539,35.807523],[51.377377,35.807369],[51.376753,35.807142],[51.376356,35.806971],[51.376158,35.806913],[51.375856,35.807246],[51.375395,35.807003],[51.375637,35.80673],[51.375052,35.806542],[51.375764,35.805811],[51.375791,35.805786],[51.376597,35.805451],[51.376709,35.805398],[51.377069,35.805227],[51.377169,35.805202],[51.377815,35.805042],[51.378835,35.804795],[51.379853,35.804407],[51.380772,35.803876],[51.381441,35.803205],[51.381936,35.802595],[51.382382,35.802087],[51.383101,35.801537],[51.384145,35.801148],[51.384915,35.80072],[51.385076,35.800689],[51.384945,35.800696],[51.385178,35.800604],[51.385447,35.800475],[51.38554,35.800386],[51.385683,35.800238],[51.385808,35.800097],[51.385951,35.799932],[51.386056,35.799798],[51.386134,35.799635],[51.386186,35.799442],[51.38624,35.799208],[51.386272,35.799031],[51.386291,35.798845],[51.386111,35.798738],[51.386059,35.798707],[51.385868,35.798512],[51.385774,35.79837],[51.385723,35.798215],[51.38567,35.798036],[51.385633,35.797909],[51.385468,35.797433],[51.385423,35.797302],[51.385399,35.797133],[51.385392,35.796997],[51.385427,35.79682],[51.385452,35.796658],[51.385475,35.796505],[51.385481,35.796467],[51.385226,35.796242],[51.385224,35.796238],[51.384924,35.795775],[51.384888,35.795722],[51.384812,35.795675],[51.384553,35.795639],[51.384399,35.795631],[51.384129,35.79558],[51.384116,35.795578],[51.384114,35.795578],[51.384488,35.795035],[51.384498,35.794998],[51.384486,35.794941],[51.384506,35.79485],[51.384562,35.794807],[51.384671,35.79477],[51.384674,35.794769],[51.384715,35.794717],[51.384727,35.794667],[51.384662,35.794571],[51.384582,35.79451],[51.384456,35.794412],[51.384394,35.794354],[51.384347,35.79431],[51.384289,35.794274],[51.384291,35.794198],[51.384153,35.793966],[51.384142,35.793947],[51.384018,35.793735],[51.383558,35.793383],[51.383547,35.793379],[51.383389,35.793322],[51.382747,35.793131],[51.38258,35.793057],[51.382489,35.793017],[51.381571,35.79299],[51.381533,35.792974],[51.381352,35.792897],[51.381212,35.79285],[51.3811,35.792833],[51.381098,35.792834],[51.380989,35.792877],[51.380849,35.792983],[51.380838,35.792995],[51.380782,35.793059],[51.380631,35.793217],[51.380538,35.793329],[51.380315,35.793325],[51.380302,35.793266],[51.380304,35.793258],[51.380326,35.793179],[51.380093,35.79287],[51.379665,35.792777],[51.379589,35.792814],[51.379332,35.792937],[51.379274,35.793521],[51.379159,35.793745],[51.379157,35.793749],[51.379048,35.794185],[51.378948,35.794262],[51.378913,35.79425],[51.378747,35.794193],[51.378554,35.794211],[51.378369,35.794092],[51.378329,35.793763],[51.378249,35.793601],[51.378252,35.793567],[51.378278,35.79356],[51.37834,35.793543],[51.378319,35.793453],[51.378236,35.793389],[51.378169,35.79337],[51.378083,35.793335],[51.377952,35.793247],[51.377599,35.793402],[51.377455,35.793689],[51.376726,35.793533],[51.376213,35.79315],[51.375721,35.792863],[51.375683,35.793044],[51.375545,35.79313],[51.375361,35.793181],[51.375343,35.793185],[51.375343,35.793185],[51.375325,35.79319],[51.375299,35.793253],[51.375177,35.793298],[51.374992,35.793405],[51.374848,35.793487],[51.374711,35.793471],[51.374596,35.793685],[51.374459,35.793904],[51.374327,35.793995],[51.37432,35.793997],[51.374306,35.794249],[51.373846,35.794514],[51.373728,35.79456],[51.373627,35.79474],[51.373301,35.795003],[51.373076,35.795229],[51.3729,35.795273],[51.372798,35.795252],[51.372499,35.795354],[51.372497,35.795355],[51.372227,35.795445],[51.371801,35.794655],[51.371787,35.794629],[51.371645,35.794677],[51.371478,35.794762],[51.371406,35.794798],[51.371225,35.794882],[51.371023,35.79495],[51.370788,35.79502],[51.370586,35.795058],[51.370426,35.795088],[51.370152,35.795146],[51.37017,35.795196],[51.369962,35.795265],[51.369901,35.795282],[51.369536,35.79544],[51.36905,35.795602],[51.368556,35.795902],[51.368151,35.796169],[51.36731,35.796813],[51.367009,35.797097],[51.366858,35.797238],[51.36666,35.797529],[51.366504,35.797903],[51.365965,35.798267],[51.365604,35.798022],[51.365127,35.798759],[51.364808,35.799167],[51.36451,35.799501],[51.363868,35.799526],[51.363697,35.799623],[51.363432,35.799821],[51.362944,35.800377],[51.362466,35.800952],[51.36206,35.801817],[51.361753,35.80278],[51.361663,35.803276],[51.361737,35.803399],[51.361606,35.803706],[51.36134,35.803752],[51.360325,35.803581],[51.359658,35.803644],[51.35947,35.803359],[51.35923,35.802941],[51.35917,35.802641],[51.359154,35.802315],[51.35961,35.80153],[51.359578,35.800959],[51.359454,35.800286],[51.359321,35.799738],[51.359011,35.799063],[51.358405,35.79815],[51.357553,35.797034],[51.357365,35.796788],[51.356193,35.796291],[51.355511,35.795856],[51.3551,35.795236],[51.354537,35.794885],[51.354396,35.794955],[51.354177,35.795051],[51.353932,35.795074],[51.353589,35.795122],[51.353383,35.795134],[51.353178,35.795155],[51.353054,35.795166],[51.352771,35.795314],[51.352559,35.795373],[51.352132,35.795157],[51.351944,35.794963],[51.351714,35.794682],[51.351596,35.794532],[51.35138,35.794461],[51.35113,35.794399],[51.351074,35.79455],[51.350958,35.794771],[51.350926,35.794853],[51.350761,35.79483],[51.350642,35.794818],[51.350466,35.794762],[51.350288,35.794579],[51.350135,35.794553],[51.350002,35.794511],[51.3499,35.794307],[51.349605,35.794301],[51.349554,35.793879],[51.349546,35.793722],[51.349252,35.793725],[51.34914,35.793636],[51.349034,35.793713],[51.348944,35.793633],[51.349039,35.793538],[51.348911,35.793434],[51.34851,35.79317],[51.348039,35.793126],[51.347499,35.793159],[51.347122,35.79317],[51.345207,35.793152],[51.344649,35.793023],[51.344377,35.792281],[51.344248,35.791603],[51.344377,35.790906],[51.344313,35.790349],[51.34427,35.789775],[51.343819,35.789201],[51.343562,35.788835],[51.342703,35.788713],[51.341738,35.78847],[51.341319,35.787939],[51.341641,35.78773],[51.342231,35.787286],[51.342703,35.786955],[51.34221,35.786746],[51.342392,35.786355],[51.342628,35.785598],[51.343143,35.785354],[51.343143,35.784588],[51.342725,35.783691],[51.342049,35.783013],[51.341867,35.782699],[51.341566,35.782786],[51.341276,35.782534],[51.340826,35.782212],[51.340397,35.781881],[51.339978,35.781272],[51.339646,35.780567],[51.339002,35.779583],[51.338669,35.779435],[51.338187,35.779235],[51.337468,35.779],[51.336674,35.778809],[51.336202,35.778574],[51.336009,35.7784],[51.336202,35.777224],[51.336727,35.773342],[51.3375,35.769808],[51.337704,35.768668],[51.337596,35.766274],[51.337425,35.76536],[51.336137,35.762025],[51.334378,35.757193],[51.332286,35.751795],[51.331985,35.750768],[51.331932,35.74988]]]},"properties":{"id":56,"osm_id":-6728896,"name":"منطقه ۲ شهر تهران","type":"administrative","admin_leve":10}},{"type":"Feature","geometry":{"type":"Polygon","coordinates":[[[51.380296,35.816251],[51.380551,35.815491],[51.380798,35.815117],[51.380755,35.814743],[51.380916,35.814134],[51.381248,35.813812],[51.381522,35.812829],[51.381801,35.812585],[51.381779,35.811733],[51.382187,35.811298],[51.382241,35.810393],[51.382026,35.809732],[51.381501,35.809227],[51.381651,35.808635],[51.38135,35.808357],[51.381672,35.807626],[51.381994,35.807609],[51.382552,35.807243],[51.382724,35.806878],[51.383153,35.80653],[51.38356,35.806321],[51.384065,35.806077],[51.384086,35.805764],[51.384236,35.805068],[51.384558,35.804372],[51.384601,35.803641],[51.384472,35.803084],[51.385127,35.80237],[51.385803,35.801796],[51.38607,35.801204],[51.386563,35.800238],[51.386479,35.798381],[51.386887,35.797522],[51.387187,35.79664],[51.387037,35.796205],[51.386719,35.795809],[51.386346,35.7954],[51.386064,35.794991],[51.386067,35.794739],[51.385989,35.794539],[51.385844,35.793969],[51.385431,35.793325],[51.385445,35.793181],[51.385348,35.793033],[51.385104,35.79272],[51.385016,35.792385],[51.385701,35.792572],[51.386437,35.792685],[51.386964,35.792672],[51.387531,35.792683],[51.387873,35.792672],[51.388549,35.792548],[51.389233,35.792365],[51.389695,35.792193],[51.390131,35.791998],[51.390597,35.791728],[51.390902,35.791538],[51.391437,35.790866],[51.391953,35.790185],[51.392231,35.789419],[51.392827,35.790083],[51.393267,35.790446],[51.393733,35.790749],[51.394623,35.791045],[51.395962,35.791441],[51.397509,35.791854],[51.399202,35.792346],[51.401125,35.793238],[51.401865,35.793551],[51.402605,35.793664],[51.403142,35.793638],[51.40355,35.793516],[51.40458,35.792994],[51.405942,35.792054],[51.407004,35.791749],[51.40783,35.791715],[51.409271,35.791793],[51.410655,35.791758],[51.412945,35.791371],[51.416529,35.790596],[51.418256,35.790022],[51.419619,35.789274],[51.420182,35.78859],[51.420659,35.787916],[51.421046,35.78708],[51.421663,35.785771],[51.422585,35.784569],[51.424202,35.783038],[51.424248,35.782994],[51.425707,35.781375],[51.426705,35.780061],[51.427548,35.7787],[51.429296,35.778851],[51.430525,35.779182],[51.431683,35.779895],[51.433204,35.78095],[51.434167,35.782006],[51.43451,35.782415],[51.43494,35.782763],[51.435866,35.783401],[51.436712,35.783834],[51.43719,35.784017],[51.43765,35.784114],[51.439354,35.784591],[51.440974,35.784913],[51.442404,35.785274],[51.446559,35.786423],[51.449863,35.787711],[51.454146,35.790021],[51.456954,35.791451],[51.458489,35.792602],[51.460485,35.793194],[51.463191,35.792807],[51.466313,35.791893],[51.469682,35.791371],[51.471764,35.790701],[51.47392,35.790231],[51.475567,35.790085],[51.476346,35.790117],[51.476528,35.790124],[51.477777,35.790257],[51.479161,35.790335],[51.48077,35.790013],[51.48327,35.788899],[51.485867,35.787829],[51.48959,35.786106],[51.492014,35.785366],[51.494578,35.785427],[51.497261,35.785818],[51.498784,35.786149],[51.50108,35.785801],[51.503161,35.785287],[51.506005,35.784452],[51.509481,35.783495],[51.513837,35.78205],[51.515489,35.781005],[51.517324,35.779717],[51.518815,35.77862],[51.520156,35.778029],[51.521497,35.777628],[51.522645,35.777419],[51.526565,35.777171],[51.527439,35.777505],[51.527653,35.779929],[51.528093,35.783922],[51.528441,35.787019],[51.530424,35.792159],[51.531452,35.79201],[51.533062,35.791961],[51.533978,35.791989],[51.534436,35.792011],[51.534925,35.79207],[51.535288,35.792116],[51.535598,35.792173],[51.53584,35.792217],[51.536137,35.792306],[51.536867,35.79254],[51.537331,35.792734],[51.537927,35.79309],[51.538054,35.793377],[51.5381,35.793958],[51.536341,35.794231],[51.536079,35.794179],[51.535739,35.794089],[51.535646,35.794012],[51.535447,35.793803],[51.535388,35.79403],[51.535255,35.794563],[51.53543,35.79538],[51.535927,35.795357],[51.536459,35.796275],[51.536784,35.796543],[51.537256,35.796901],[51.537295,35.797068],[51.537271,35.797567],[51.537207,35.797863],[51.537192,35.797933],[51.537169,35.798044],[51.537094,35.798189],[51.53708,35.798231],[51.537078,35.798256],[51.537078,35.798266],[51.537142,35.798344],[51.537304,35.798656],[51.537318,35.798901],[51.537241,35.799105],[51.537109,35.79942],[51.536949,35.799825],[51.536635,35.799934],[51.536544,35.800062],[51.536491,35.800383],[51.536488,35.800703],[51.536648,35.801307],[51.536714,35.801493],[51.536836,35.801631],[51.536725,35.80344],[51.536707,35.803817],[51.536492,35.80447],[51.536286,35.804946],[51.536244,35.805071],[51.536904,35.805181],[51.537607,35.805322],[51.537564,35.805451],[51.537539,35.805544],[51.53754,35.805668],[51.537553,35.805729],[51.537585,35.805858],[51.537573,35.805946],[51.537567,35.806013],[51.537568,35.806085],[51.537601,35.806281],[51.537605,35.806373],[51.537388,35.806478],[51.537271,35.806583],[51.537205,35.806657],[51.537168,35.80673],[51.537082,35.806819],[51.536984,35.806952],[51.536928,35.807078],[51.536894,35.807216],[51.536991,35.807577],[51.537016,35.807738],[51.53702,35.80785],[51.537008,35.807943],[51.537009,35.808024],[51.537021,35.808133],[51.537069,35.808237],[51.537164,35.808375],[51.537264,35.808442],[51.538247,35.809438],[51.53808,35.809554],[51.537889,35.809437],[51.537229,35.809186],[51.53691,35.809154],[51.53675,35.809146],[51.536461,35.809087],[51.536325,35.809102],[51.536256,35.809199],[51.536201,35.809375],[51.536064,35.809548],[51.535962,35.809693],[51.535922,35.80989],[51.53591,35.810046],[51.535787,35.809954],[51.535703,35.809733],[51.535669,35.809411],[51.53563,35.809205],[51.535565,35.809063],[51.535356,35.808855],[51.535002,35.80885],[51.534793,35.808796],[51.534667,35.80879],[51.534596,35.80879],[51.534444,35.808933],[51.533883,35.808988],[51.533431,35.809037],[51.533035,35.809162],[51.533028,35.809235],[51.53307,35.809437],[51.533045,35.809526],[51.532815,35.809692],[51.532778,35.809763],[51.532738,35.810054],[51.532614,35.810053],[51.532498,35.80997],[51.532298,35.810032],[51.532168,35.81014],[51.532073,35.810463],[51.532098,35.810859],[51.532072,35.811038],[51.532088,35.811208],[51.531982,35.811484],[51.532009,35.811666],[51.531973,35.811746],[51.531732,35.81181],[51.531632,35.811879],[51.531704,35.812479],[51.531629,35.812776],[51.532327,35.813447],[51.532335,35.813995],[51.532173,35.814071],[51.532292,35.81407],[51.532856,35.814296],[51.533498,35.814614],[51.533611,35.814663],[51.533815,35.814767],[51.534126,35.815334],[51.534342,35.815821],[51.534417,35.815989],[51.534504,35.816158],[51.534653,35.816393],[51.534719,35.816527],[51.534719,35.816601],[51.534581,35.816644],[51.534404,35.816606],[51.534161,35.816536],[51.533827,35.816471],[51.533512,35.816472],[51.533253,35.816495],[51.533127,35.816499],[51.533025,35.81656],[51.531687,35.816318],[51.531216,35.816042],[51.530928,35.815923],[51.530423,35.815704],[51.530256,35.815367],[51.530204,35.815056],[51.529799,35.814656],[51.529297,35.814333],[51.528755,35.813982],[51.528724,35.81396],[51.52881,35.81389],[51.528716,35.813814],[51.528133,35.81344],[51.527517,35.812826],[51.527486,35.812711],[51.527442,35.812665],[51.527241,35.81241],[51.527138,35.812111],[51.527087,35.812027],[51.526598,35.811868],[51.526264,35.811538],[51.525829,35.811205],[51.525382,35.810673],[51.524986,35.81025],[51.524638,35.80989],[51.524412,35.809636],[51.524159,35.809397],[51.523837,35.809007],[51.523482,35.809259],[51.523106,35.809513],[51.522832,35.809703],[51.522543,35.809903],[51.522481,35.809953],[51.522528,35.810011],[51.522369,35.810077],[51.522204,35.810087],[51.522188,35.810088],[51.522205,35.810185],[51.522189,35.810424],[51.522056,35.81062],[51.521729,35.810621],[51.521325,35.810594],[51.521061,35.810588],[51.520941,35.810617],[51.520693,35.810649],[51.520492,35.810771],[51.520403,35.811013],[51.520379,35.811243],[51.520436,35.81146],[51.520634,35.811702],[51.520914,35.812275],[51.521006,35.812491],[51.520995,35.812594],[51.52059,35.812583],[51.520236,35.812585],[51.519913,35.812602],[51.519772,35.812634],[51.519628,35.812652],[51.519396,35.81268],[51.519169,35.812678],[51.51886,35.812654],[51.518537,35.81262],[51.51823,35.812498],[51.518121,35.812455],[51.517401,35.812334],[51.51691,35.812192],[51.516532,35.812074],[51.516292,35.811975],[51.516162,35.811918],[51.516075,35.811986],[51.515759,35.812173],[51.515697,35.812327],[51.515589,35.812748],[51.515368,35.813165],[51.515143,35.813584],[51.514714,35.813968],[51.514424,35.814144],[51.513591,35.814426],[51.513268,35.814391],[51.51267,35.813999],[51.512271,35.81385],[51.51193,35.813922],[51.511707,35.814077],[51.511506,35.814467],[51.511206,35.815039],[51.510867,35.815112],[51.510651,35.815851],[51.510637,35.816573],[51.51046,35.817119],[51.509468,35.818018],[51.50897,35.818346],[51.508826,35.818575],[51.50822,35.818767],[51.507933,35.818569],[51.507724,35.817948],[51.507588,35.81751],[51.506546,35.816958],[51.506404,35.816892],[51.507448,35.815426],[51.505585,35.814448],[51.505592,35.814588],[51.505573,35.814685],[51.50555,35.814767],[51.505493,35.814854],[51.505419,35.814931],[51.505306,35.815043],[51.505171,35.815219],[51.505016,35.815354],[51.504871,35.815466],[51.50484,35.815519],[51.503672,35.815915],[51.503059,35.816115],[51.502634,35.816209],[51.502264,35.816233],[51.501824,35.816194],[51.501588,35.816177],[51.501457,35.816201],[51.501397,35.816221],[51.501225,35.816193],[51.501103,35.81615],[51.501,35.816126],[51.500896,35.816081],[51.500813,35.816057],[51.500693,35.816012],[51.500605,35.816004],[51.500471,35.816047],[51.50029,35.815865],[51.499926,35.815568],[51.499747,35.815054],[51.499878,35.814955],[51.499648,35.814978],[51.498993,35.814851],[51.498679,35.814709],[51.498624,35.814539],[51.498475,35.814751],[51.498399,35.814856],[51.498371,35.814902],[51.498306,35.814948],[51.498205,35.815009],[51.498157,35.815041],[51.498148,35.815033],[51.497959,35.815147],[51.49793,35.815172],[51.497911,35.815194],[51.497885,35.815224],[51.497877,35.815247],[51.497875,35.815276],[51.497877,35.815296],[51.497987,35.815529],[51.498017,35.815564],[51.498046,35.815599],[51.498073,35.815627],[51.498096,35.81566],[51.498114,35.815682],[51.498121,35.8157],[51.498112,35.815718],[51.498069,35.815742],[51.498036,35.81575],[51.498003,35.815755],[51.497894,35.815784],[51.497844,35.815799],[51.497723,35.815846],[51.497672,35.815864],[51.497583,35.815892],[51.497533,35.815907],[51.497484,35.815955],[51.497461,35.815986],[51.497452,35.816018],[51.497436,35.81608],[51.497432,35.816149],[51.497432,35.816179],[51.497435,35.816227],[51.497437,35.816259],[51.497443,35.816299],[51.497473,35.816398],[51.497484,35.816427],[51.497506,35.816491],[51.497543,35.816556],[51.497589,35.816616],[51.497608,35.816639],[51.497647,35.816702],[51.497658,35.816751],[51.497665,35.816778],[51.497666,35.816798],[51.497673,35.816843],[51.497673,35.816879],[51.49765,35.816948],[51.497636,35.816984],[51.497528,35.817143],[51.497459,35.817197],[51.497365,35.817234],[51.497239,35.817256],[51.497029,35.817257],[51.49688,35.817255],[51.496765,35.817239],[51.49663,35.817184],[51.496448,35.817138],[51.496302,35.817127],[51.49617,35.817115],[51.496069,35.817123],[51.496001,35.817198],[51.495941,35.817296],[51.495873,35.817367],[51.495807,35.817418],[51.495585,35.817584],[51.495691,35.817694],[51.495441,35.817908],[51.495114,35.818178],[51.495038,35.818204],[51.494951,35.818264],[51.49479,35.818415],[51.49472,35.818472],[51.494576,35.818572],[51.494282,35.818744],[51.494097,35.818856],[51.493918,35.818979],[51.493753,35.819114],[51.493597,35.819276],[51.493398,35.819514],[51.493265,35.819698],[51.493175,35.81987],[51.493114,35.8201],[51.49308,35.820381],[51.493038,35.820534],[51.492953,35.820676],[51.492833,35.820777],[51.492729,35.820842],[51.492588,35.820903],[51.492475,35.820938],[51.492355,35.820964],[51.49177,35.821094],[51.491711,35.821149],[51.49167,35.821212],[51.491622,35.821373],[51.491588,35.821474],[51.491554,35.821585],[51.491526,35.82169],[51.491492,35.821833],[51.491506,35.821928],[51.491527,35.822168],[51.491566,35.822398],[51.491601,35.822582],[51.491618,35.822667],[51.491624,35.8227],[51.491692,35.82287],[51.491476,35.82298],[51.491379,35.822901],[51.491367,35.822909],[51.491003,35.822707],[51.490775,35.82255],[51.490758,35.822447],[51.490753,35.822434],[51.490555,35.822228],[51.490003,35.82205],[51.489944,35.821844],[51.489896,35.82179],[51.489736,35.821709],[51.48958,35.821595],[51.489491,35.82151],[51.48942,35.821392],[51.48939,35.821164],[51.489306,35.821016],[51.489219,35.820918],[51.489105,35.820748],[51.489003,35.820679],[51.488806,35.820628],[51.488747,35.820437],[51.488691,35.82034],[51.488567,35.820293],[51.488435,35.820328],[51.488274,35.820379],[51.488121,35.82042],[51.487965,35.820459],[51.487871,35.82021],[51.487856,35.819994],[51.487845,35.819362],[51.487736,35.819144],[51.48763,35.819135],[51.487008,35.819156],[51.486508,35.819063],[51.486304,35.819137],[51.486003,35.818968],[51.485541,35.818903],[51.484629,35.818753],[51.484237,35.81875],[51.483895,35.818851],[51.483682,35.81891],[51.483374,35.819198],[51.482678,35.819548],[51.482341,35.819706],[51.482064,35.819807],[51.481856,35.819795],[51.48168,35.81989],[51.481535,35.820057],[51.481397,35.820195],[51.481294,35.82031],[51.481293,35.820318],[51.481186,35.820444],[51.481064,35.820537],[51.480932,35.820609],[51.480804,35.820622],[51.480625,35.820643],[51.480412,35.820673],[51.4802,35.820727],[51.479924,35.820802],[51.479768,35.820812],[51.479658,35.820784],[51.479571,35.820768],[51.47951,35.820768],[51.47939,35.820786],[51.479212,35.820824],[51.478995,35.820874],[51.478864,35.820911],[51.478778,35.820942],[51.478594,35.821033],[51.478395,35.821141],[51.478262,35.821218],[51.478123,35.821295],[51.478044,35.821365],[51.477995,35.821419],[51.477895,35.821433],[51.477821,35.821431],[51.477775,35.821424],[51.477516,35.821507],[51.477385,35.82156],[51.477059,35.821601],[51.476465,35.821405],[51.476056,35.821219],[51.475919,35.821186],[51.476074,35.820955],[51.4756,35.821047],[51.475292,35.820998],[51.474944,35.82088],[51.474802,35.820844],[51.474361,35.820883],[51.474053,35.820874],[51.473508,35.821],[51.473014,35.821133],[51.472743,35.821241],[51.472602,35.821362],[51.472509,35.821469],[51.472328,35.821608],[51.472131,35.821776],[51.47196,35.821886],[51.471755,35.82193],[51.471612,35.822247],[51.47144,35.822466],[51.470954,35.822622],[51.470733,35.822716],[51.470557,35.822855],[51.470291,35.823051],[51.470098,35.823166],[51.469921,35.823193],[51.469722,35.823194],[51.469535,35.823332],[51.468915,35.823737],[51.468781,35.823944],[51.468643,35.824231],[51.468581,35.8245],[51.468494,35.824783],[51.468531,35.825098],[51.468475,35.825404],[51.468288,35.8258],[51.468143,35.825969],[51.468019,35.826228],[51.46794,35.826922],[51.467951,35.827071],[51.467991,35.827344],[51.467424,35.827491],[51.467007,35.827637],[51.466914,35.827699],[51.466819,35.82771],[51.466638,35.827651],[51.466419,35.827593],[51.466178,35.827555],[51.466008,35.827546],[51.465779,35.827556],[51.465573,35.827577],[51.46544,35.827578],[51.465247,35.827539],[51.465066,35.827458],[51.464897,35.827403],[51.464767,35.827378],[51.464619,35.827363],[51.464494,35.827357],[51.464371,35.827367],[51.464277,35.827409],[51.464207,35.827466],[51.464109,35.827523],[51.463917,35.8277],[51.463773,35.82784],[51.463703,35.827915],[51.46364,35.828034],[51.46358,35.828164],[51.463536,35.828254],[51.463524,35.828324],[51.463466,35.828395],[51.463389,35.828449],[51.463274,35.82847],[51.463206,35.828472],[51.463164,35.828413],[51.463123,35.828322],[51.463057,35.828211],[51.462998,35.82813],[51.462937,35.828105],[51.462861,35.828109],[51.462794,35.828136],[51.462709,35.828182],[51.462623,35.828205],[51.462566,35.828215],[51.46252,35.828219],[51.462433,35.828216],[51.462395,35.828199],[51.462374,35.828161],[51.462374,35.828117],[51.462448,35.828006],[51.462534,35.827896],[51.46263,35.827774],[51.46272,35.827647],[51.462741,35.827603],[51.462825,35.827457],[51.462795,35.827414],[51.462816,35.827131],[51.462723,35.82699],[51.462249,35.826627],[51.46196,35.826525],[51.461754,35.826501],[51.463567,35.826114],[51.464187,35.826073],[51.464228,35.825926],[51.46404,35.825783],[51.463843,35.825523],[51.46381,35.82497],[51.463633,35.824181],[51.463412,35.823706],[51.463028,35.823234],[51.462876,35.823187],[51.462811,35.823176],[51.462724,35.82317],[51.462517,35.823144],[51.462413,35.823162],[51.462233,35.823093],[51.462179,35.823089],[51.462127,35.823102],[51.462061,35.82313],[51.461913,35.823207],[51.461791,35.823203],[51.461667,35.823121],[51.461598,35.823075],[51.461448,35.822997],[51.461383,35.822986],[51.461153,35.822998],[51.461013,35.823021],[51.460925,35.823028],[51.460843,35.823051],[51.460753,35.82306],[51.460639,35.823083],[51.460558,35.823106],[51.460364,35.823166],[51.460309,35.823143],[51.460237,35.823062],[51.460191,35.82304],[51.460136,35.823038],[51.46007,35.823045],[51.459989,35.82307],[51.459921,35.823109],[51.459787,35.823154],[51.459712,35.823132],[51.459677,35.823071],[51.459656,35.823001],[51.45962,35.822963],[51.459599,35.822893],[51.459564,35.82286],[51.459482,35.822813],[51.459283,35.822732],[51.459111,35.82267],[51.459034,35.822655],[51.458898,35.822626],[51.458785,35.822576],[51.458585,35.822501],[51.45837,35.822429],[51.458286,35.822407],[51.458129,35.82239],[51.458012,35.822379],[51.457852,35.822295],[51.457774,35.821828],[51.457426,35.8212],[51.457188,35.82084],[51.457147,35.820777],[51.456842,35.820487],[51.456443,35.82021],[51.455993,35.819959],[51.455657,35.819765],[51.455153,35.81949],[51.454709,35.819327],[51.454369,35.81923],[51.454134,35.819133],[51.453826,35.819099],[51.452672,35.819022],[51.452352,35.818962],[51.452096,35.818948],[51.452118,35.818604],[51.452137,35.818388],[51.451751,35.818336],[51.451227,35.818326],[51.451062,35.818228],[51.450791,35.817332],[51.450578,35.817454],[51.450461,35.817312],[51.450168,35.817288],[51.449705,35.817439],[51.449157,35.817434],[51.448804,35.817391],[51.448489,35.817323],[51.448727,35.818247],[51.447453,35.81812],[51.446852,35.819231],[51.445806,35.819302],[51.445745,35.819358],[51.44543,35.819445],[51.445074,35.819451],[51.444343,35.819365],[51.443716,35.819313],[51.443315,35.819325],[51.443075,35.819385],[51.442947,35.819402],[51.442686,35.81938],[51.442369,35.81939],[51.441995,35.819429],[51.441754,35.819479],[51.441607,35.819432],[51.441134,35.819591],[51.440805,35.819649],[51.440484,35.81969],[51.439763,35.819705],[51.439549,35.819765],[51.439277,35.819933],[51.43909,35.8201],[51.438841,35.820324],[51.438559,35.820312],[51.43838,35.820268],[51.43826,35.820231],[51.438169,35.820231],[51.437943,35.820272],[51.437861,35.820313],[51.437654,35.820303],[51.436915,35.820708],[51.436624,35.820853],[51.435892,35.821168],[51.435759,35.821325],[51.435741,35.821958],[51.43569,35.82223],[51.435638,35.822369],[51.435731,35.822544],[51.436128,35.82255],[51.436101,35.822887],[51.436065,35.823028],[51.435978,35.823223],[51.435753,35.823239],[51.43616,35.823649],[51.436289,35.823858],[51.436148,35.824083],[51.435869,35.824262],[51.435489,35.824453],[51.435293,35.824543],[51.435054,35.824633],[51.434855,35.824608],[51.434594,35.82457],[51.434455,35.824331],[51.433858,35.823962],[51.433344,35.823379],[51.432954,35.822995],[51.432812,35.822993],[51.43243,35.82282],[51.431316,35.822973],[51.43061,35.823284],[51.430485,35.823388],[51.430195,35.823621],[51.429726,35.82392],[51.429522,35.824096],[51.428982,35.824376],[51.428549,35.824564],[51.428427,35.824653],[51.428367,35.82474],[51.42836,35.824964],[51.428278,35.825087],[51.428025,35.825094],[51.428072,35.825169],[51.428122,35.825358],[51.428317,35.825492],[51.428064,35.825759],[51.427771,35.825631],[51.42762,35.825621],[51.427439,35.825713],[51.42736,35.825953],[51.427366,35.825982],[51.427519,35.8266],[51.42728,35.826682],[51.42705,35.827148],[51.426877,35.827474],[51.426475,35.827594],[51.426035,35.827519],[51.425546,35.827204],[51.425099,35.826458],[51.4251,35.82628],[51.425154,35.825953],[51.42499,35.825743],[51.424971,35.825484],[51.424929,35.825508],[51.424068,35.825225],[51.42375,35.824902],[51.423329,35.824772],[51.423734,35.82397],[51.423876,35.823571],[51.423881,35.82351],[51.423894,35.823248],[51.423794,35.823001],[51.423641,35.82294],[51.423327,35.822857],[51.423236,35.822487],[51.423606,35.822425],[51.423629,35.822421],[51.423561,35.822195],[51.423533,35.822049],[51.423409,35.821777],[51.423413,35.821735],[51.423635,35.821599],[51.423665,35.821624],[51.423834,35.82136],[51.423956,35.820992],[51.423892,35.820769],[51.423782,35.820665],[51.42357,35.820651],[51.423313,35.820711],[51.423209,35.820829],[51.423153,35.820912],[51.423049,35.820924],[51.422927,35.820825],[51.422873,35.820692],[51.422804,35.820591],[51.422804,35.820537],[51.422834,35.820368],[51.422778,35.820319],[51.422616,35.820353],[51.422571,35.820443],[51.422482,35.820428],[51.422338,35.820492],[51.422196,35.820623],[51.422091,35.821006],[51.421942,35.821074],[51.42185,35.82109],[51.421714,35.821118],[51.4216,35.821154],[51.421469,35.821192],[51.42137,35.821195],[51.421263,35.821142],[51.421211,35.821104],[51.421165,35.821065],[51.421147,35.82095],[51.421123,35.82085],[51.421061,35.820759],[51.420976,35.820694],[51.420843,35.820675],[51.420697,35.820646],[51.420614,35.82064],[51.420529,35.820609],[51.420487,35.820538],[51.42048,35.820425],[51.42052,35.820295],[51.420566,35.820152],[51.420634,35.819927],[51.420619,35.819815],[51.42058,35.819738],[51.420526,35.819665],[51.420249,35.81976],[51.420095,35.819815],[51.419914,35.81979],[51.419692,35.819637],[51.419751,35.819459],[51.419979,35.819176],[51.419977,35.818897],[51.419702,35.81873],[51.419736,35.818632],[51.419433,35.818495],[51.41934,35.818271],[51.419357,35.818118],[51.419133,35.817881],[51.418961,35.817742],[51.41872,35.817576],[51.418633,35.817395],[51.418575,35.817251],[51.418405,35.816939],[51.418236,35.816759],[51.41802,35.816621],[51.417704,35.816479],[51.417539,35.816448],[51.417272,35.816438],[51.417047,35.816446],[51.416911,35.816436],[51.416826,35.816388],[51.416732,35.816302],[51.416606,35.816325],[51.416398,35.816537],[51.41625,35.816606],[51.415997,35.816632],[51.415636,35.81669],[51.415477,35.816761],[51.415384,35.81683],[51.415342,35.81688],[51.415298,35.816953],[51.415267,35.817005],[51.415246,35.817046],[51.415062,35.817355],[51.41486,35.817769],[51.413979,35.817192],[51.413601,35.816975],[51.413059,35.817544],[51.412298,35.816983],[51.412809,35.816633],[51.412151,35.816273],[51.411906,35.81618],[51.411752,35.816159],[51.411425,35.816186],[51.411071,35.816193],[51.41096,35.816163],[51.41085,35.816096],[51.410772,35.815895],[51.410634,35.815768],[51.410506,35.815709],[51.409788,35.815633],[51.40945,35.815656],[51.409096,35.815715],[51.409035,35.815784],[51.40884,35.815812],[51.408521,35.815776],[51.408159,35.815609],[51.407868,35.815496],[51.407516,35.815448],[51.407036,35.815419],[51.406649,35.815407],[51.406352,35.815408],[51.406269,35.815348],[51.405966,35.815274],[51.405634,35.815414],[51.405273,35.815333],[51.404991,35.81543],[51.404971,35.815654],[51.404961,35.815818],[51.405007,35.816003],[51.404889,35.816184],[51.404888,35.816318],[51.404693,35.816401],[51.404654,35.816554],[51.404622,35.816752],[51.404513,35.816751],[51.404368,35.816747],[51.404316,35.816842],[51.404076,35.816955],[51.403914,35.817004],[51.403809,35.817116],[51.403661,35.81714],[51.403531,35.817295],[51.403507,35.817424],[51.403587,35.817564],[51.403567,35.817713],[51.403435,35.817849],[51.403297,35.817992],[51.403292,35.817997],[51.403292,35.817997],[51.403279,35.818245],[51.403352,35.818299],[51.403384,35.818514],[51.403229,35.818698],[51.403233,35.818595],[51.403199,35.818489],[51.402986,35.818282],[51.402895,35.818109],[51.402891,35.817996],[51.402973,35.817795],[51.40296,35.817567],[51.402898,35.817211],[51.402916,35.816964],[51.40297,35.816724],[51.403155,35.816522],[51.403267,35.81641],[51.403347,35.816263],[51.403271,35.816209],[51.403254,35.816071],[51.403208,35.815992],[51.403124,35.815922],[51.402985,35.815692],[51.402958,35.815213],[51.402729,35.81436],[51.402554,35.813875],[51.40229,35.813578],[51.401861,35.813415],[51.401401,35.813467],[51.401149,35.813392],[51.401057,35.813553],[51.399893,35.813581],[51.39967,35.813511],[51.399339,35.813387],[51.399009,35.813292],[51.398572,35.813259],[51.398421,35.813252],[51.397461,35.813221],[51.397165,35.813231],[51.396235,35.813091],[51.395559,35.813038],[51.3949,35.812876],[51.394645,35.812994],[51.394532,35.813183],[51.394368,35.813299],[51.394182,35.813254],[51.393763,35.813142],[51.393474,35.813078],[51.393125,35.81303],[51.392727,35.812958],[51.392764,35.812448],[51.392505,35.812359],[51.392285,35.812238],[51.391337,35.811869],[51.39062,35.811733],[51.390291,35.811637],[51.390081,35.811548],[51.389653,35.811481],[51.389155,35.811283],[51.388651,35.81108],[51.388279,35.81087],[51.388048,35.810811],[51.387761,35.809627],[51.387634,35.809244],[51.387631,35.808462],[51.387179,35.80847],[51.386611,35.808318],[51.386283,35.808273],[51.386061,35.80828],[51.385979,35.8083],[51.384755,35.808257],[51.384692,35.808434],[51.384797,35.808514],[51.38453,35.808907],[51.38448,35.809313],[51.384413,35.809701],[51.384055,35.810123],[51.383813,35.810362],[51.383678,35.810515],[51.383509,35.810673],[51.38367,35.810845],[51.38368,35.811063],[51.383914,35.811081],[51.383854,35.811437],[51.383615,35.811376],[51.383402,35.811493],[51.383226,35.811839],[51.383028,35.812197],[51.382779,35.81245],[51.382579,35.81252],[51.382422,35.81253],[51.382389,35.812664],[51.382319,35.812748],[51.381946,35.812744],[51.381973,35.813235],[51.381608,35.813946],[51.381454,35.814015],[51.381246,35.813984],[51.380998,35.81443],[51.381034,35.814793],[51.381569,35.815386],[51.381662,35.815606],[51.381417,35.815832],[51.38112,35.81596],[51.380993,35.81612],[51.380296,35.816251]]]},"properties":{"id":57,"osm_id":-6728830,"name":"منطقه ۱ شهر تهران","type":"administrative","admin_leve":10}},{"type":"Feature","geometry":{"type":"Polygon","coordinates":[[[51.230453,35.676861],[51.230521,35.675191],[51.230586,35.674393],[51.230802,35.673143],[51.230985,35.672343],[51.23142,35.671133],[51.231709,35.670428],[51.232076,35.669686],[51.2327,35.668626],[51.233131,35.668003],[51.233402,35.667658],[51.233506,35.667516],[51.234197,35.666674],[51.235069,35.665766],[51.235883,35.664999],[51.236646,35.664384],[51.23729,35.663872],[51.238364,35.663192],[51.239288,35.662634],[51.239587,35.662467],[51.240299,35.662121],[51.241242,35.661689],[51.242308,35.661262],[51.244782,35.660323],[51.250877,35.658125],[51.258661,35.655286],[51.27098,35.650501],[51.274686,35.649005],[51.279391,35.64723],[51.282195,35.646018],[51.284524,35.64497],[51.285797,35.644397],[51.28732,35.643704],[51.293136,35.641005],[51.298938,35.638091],[51.310677,35.632195],[51.311495,35.631762],[51.313807,35.630538],[51.31559,35.629418],[51.316418,35.628865],[51.317258,35.628222],[51.318882,35.626857],[51.319542,35.626226],[51.320928,35.62478],[51.321391,35.624264],[51.323007,35.622292],[51.323101,35.622197],[51.324631,35.620332],[51.325187,35.619839],[51.327623,35.62149],[51.331506,35.624839],[51.333073,35.626008],[51.334275,35.627037],[51.33715,35.628449],[51.342579,35.631083],[51.348179,35.634083],[51.351634,35.635617],[51.353307,35.63567],[51.35423,35.635809],[51.355732,35.63621],[51.356698,35.636524],[51.357153,35.636776],[51.355627,35.637415],[51.35508,35.637903],[51.35494,35.638113],[51.354371,35.638854],[51.354189,35.639237],[51.353052,35.641932],[51.352381,35.643552],[51.351496,35.645968],[51.351121,35.646849],[51.350295,35.648723],[51.348868,35.652577],[51.347087,35.656561],[51.346561,35.657938],[51.345713,35.6599],[51.345359,35.660763],[51.34522,35.661172],[51.345145,35.661486],[51.344866,35.662218],[51.344812,35.662366],[51.344683,35.662767],[51.344598,35.662933],[51.344447,35.663186],[51.344233,35.663657],[51.344125,35.664084],[51.344158,35.664258],[51.344361,35.665025],[51.344447,35.6654],[51.34449,35.66601],[51.344651,35.666559],[51.344801,35.666803],[51.343192,35.666428],[51.34213,35.666245],[51.341186,35.666271],[51.339748,35.666516],[51.335693,35.667204],[51.323955,35.669174],[51.317153,35.670342],[51.310909,35.67151],[51.309107,35.671684],[51.308731,35.671954],[51.308667,35.672181],[51.308699,35.672521],[51.308806,35.67287],[51.308999,35.673175],[51.309128,35.673619],[51.309171,35.67395],[51.309192,35.674961],[51.309064,35.675258],[51.308752,35.675371],[51.308409,35.675397],[51.291018,35.676025],[51.285841,35.676215],[51.278636,35.676481],[51.277778,35.676513],[51.277664,35.676526],[51.268981,35.677088],[51.266856,35.677471],[51.264625,35.677785],[51.252802,35.679528],[51.242674,35.681044],[51.237695,35.681864],[51.234262,35.682979],[51.232755,35.68371],[51.231681,35.681883],[51.230818,35.679319],[51.230464,35.677574],[51.230453,35.676861]]]},"properties":{"id":58,"osm_id":-6729503,"name":"منطقه ۱۸ شهر تهران","type":"administrative","admin_leve":10}},{"type":"Feature","geometry":{"type":"Polygon","coordinates":[[[51.400153,35.614411],[51.402201,35.612492],[51.402427,35.612356],[51.40357,35.611668],[51.404934,35.611162],[51.4063,35.610861],[51.407053,35.610896],[51.40743,35.610997],[51.407723,35.610945],[51.407719,35.610924],[51.407616,35.610416],[51.407274,35.608999],[51.406777,35.607021],[51.406309,35.605225],[51.407026,35.60505],[51.407026,35.604968],[51.407662,35.604835],[51.407624,35.604665],[51.407813,35.604607],[51.407787,35.604446],[51.408269,35.604228],[51.407808,35.603561],[51.407887,35.60312],[51.409494,35.603237],[51.410445,35.602852],[51.410644,35.601921],[51.411423,35.60072],[51.411725,35.600156],[51.412326,35.598797],[51.413289,35.597635],[51.413398,35.597692],[51.41357,35.597302],[51.413825,35.596737],[51.414001,35.596258],[51.414124,35.59599],[51.414044,35.595861],[51.414937,35.59392],[51.415762,35.592125],[51.416755,35.592158],[51.417275,35.591065],[51.417425,35.590303],[51.417417,35.590097],[51.417247,35.589904],[51.417149,35.588829],[51.417135,35.58858],[51.417221,35.587326],[51.417075,35.58724],[51.417081,35.587148],[51.417264,35.586742],[51.417007,35.585618],[51.416936,35.584673],[51.417393,35.58321],[51.416227,35.582949],[51.416632,35.581823],[51.416854,35.581277],[51.416556,35.581202],[51.416777,35.580558],[51.41739,35.580048],[51.417025,35.5798],[51.417064,35.579622],[51.417703,35.579144],[51.417424,35.578928],[51.417489,35.578723],[51.417838,35.578321],[51.417597,35.577901],[51.417446,35.575485],[51.418185,35.574906],[51.418637,35.574553],[51.419535,35.57385],[51.419362,35.573452],[51.419676,35.573218],[51.4203,35.571314],[51.426243,35.572664],[51.426667,35.57276],[51.426194,35.57538],[51.426115,35.575749],[51.426087,35.5761],[51.426041,35.576325],[51.425966,35.576689],[51.425767,35.577684],[51.425643,35.578299],[51.425626,35.578401],[51.425811,35.578434],[51.425898,35.578785],[51.4261,35.578993],[51.426549,35.579657],[51.427034,35.580227],[51.427411,35.580019],[51.42806,35.57985],[51.428467,35.580262],[51.427189,35.581447],[51.426724,35.581959],[51.426889,35.582023],[51.427178,35.582148],[51.427569,35.582304],[51.427963,35.582412],[51.428285,35.582456],[51.428677,35.582478],[51.429048,35.582492],[51.429458,35.582525],[51.429761,35.582519],[51.430145,35.582487],[51.430565,35.582431],[51.431044,35.582317],[51.431825,35.582123],[51.4323,35.582009],[51.433861,35.581395],[51.43451,35.581135],[51.435082,35.580913],[51.435759,35.580627],[51.436106,35.58049],[51.436335,35.580399],[51.436571,35.580314],[51.436872,35.580217],[51.437022,35.580208],[51.437211,35.580204],[51.437355,35.580247],[51.437518,35.580284],[51.438412,35.580264],[51.438603,35.580276],[51.439161,35.580361],[51.439522,35.580462],[51.440563,35.580727],[51.441908,35.581037],[51.442031,35.581003],[51.442436,35.580986],[51.442677,35.580993],[51.443596,35.581081],[51.445339,35.58101],[51.445838,35.580971],[51.446377,35.580958],[51.446713,35.580957],[51.447173,35.580979],[51.44751,35.58104],[51.448939,35.581824],[51.449459,35.582008],[51.45056,35.582354],[51.450819,35.582281],[51.450961,35.581701],[51.451028,35.581414],[51.451056,35.58128],[51.45106,35.581186],[51.451054,35.581053],[51.451067,35.58096],[51.4511,35.580859],[51.451152,35.58073],[51.45122,35.58058],[51.45128,35.580446],[51.451305,35.580282],[51.451295,35.580019],[51.451266,35.579962],[51.451135,35.579881],[51.450981,35.579787],[51.450966,35.579451],[51.450944,35.579305],[51.450793,35.578954],[51.450624,35.578391],[51.449594,35.578901],[51.449367,35.579008],[51.449295,35.578887],[51.449119,35.578158],[51.448927,35.577363],[51.450661,35.577257],[51.45104,35.577214],[51.451507,35.577375],[51.456489,35.579069],[51.457968,35.576733],[51.458075,35.576783],[51.458651,35.576002],[51.458991,35.575585],[51.459932,35.575914],[51.460185,35.575518],[51.460368,35.575052],[51.460585,35.574506],[51.460794,35.574023],[51.460997,35.573747],[51.461408,35.573681],[51.461798,35.57366],[51.462169,35.573539],[51.462753,35.573333],[51.463108,35.57318],[51.463404,35.573048],[51.464467,35.572387],[51.464587,35.57212],[51.465385,35.570549],[51.466626,35.568207],[51.467519,35.568242],[51.468591,35.568344],[51.469323,35.568407],[51.469998,35.568507],[51.470456,35.568615],[51.471947,35.569125],[51.471861,35.569511],[51.472136,35.569624],[51.471496,35.570239],[51.471076,35.570633],[51.470887,35.57051],[51.470715,35.570766],[51.470504,35.570679],[51.470354,35.570929],[51.470261,35.570929],[51.470154,35.571034],[51.470033,35.571175],[51.469539,35.571922],[51.469248,35.572495],[51.468943,35.573136],[51.46882,35.57354],[51.468692,35.573817],[51.468356,35.574348],[51.468076,35.57475],[51.467889,35.574948],[51.467635,35.575195],[51.467448,35.575402],[51.467174,35.575728],[51.467006,35.575966],[51.466518,35.576668],[51.466296,35.577015],[51.466155,35.577305],[51.465346,35.578823],[51.465019,35.579375],[51.464856,35.579685],[51.464485,35.580356],[51.464377,35.58054],[51.464316,35.580658],[51.464267,35.580793],[51.464225,35.581062],[51.464221,35.581413],[51.464175,35.581612],[51.464022,35.581797],[51.463878,35.581963],[51.46371,35.582109],[51.463643,35.582223],[51.463608,35.582352],[51.463536,35.582846],[51.463512,35.583121],[51.463408,35.583376],[51.463083,35.584019],[51.462821,35.584504],[51.462708,35.584705],[51.462613,35.584834],[51.462452,35.585025],[51.462276,35.585233],[51.462093,35.585448],[51.461944,35.585671],[51.461512,35.586328],[51.461403,35.58653],[51.46131,35.586732],[51.461257,35.58687],[51.46143,35.586911],[51.460864,35.587797],[51.460325,35.588662],[51.45998,35.589188],[51.459651,35.589691],[51.458553,35.591234],[51.457654,35.592909],[51.45761,35.592989],[51.457431,35.593116],[51.457035,35.593744],[51.456473,35.594691],[51.456019,35.595542],[51.455254,35.596877],[51.45462,35.598088],[51.454516,35.598393],[51.454456,35.598774],[51.454451,35.599003],[51.454471,35.599272],[51.454638,35.600241],[51.455016,35.602265],[51.455582,35.60514],[51.455859,35.606562],[51.455955,35.607245],[51.455703,35.608183],[51.455642,35.608413],[51.455461,35.608942],[51.455387,35.609159],[51.455388,35.60932],[51.455404,35.60953],[51.455448,35.6096],[51.454705,35.609733],[51.456747,35.612865],[51.457248,35.612671],[51.457923,35.612668],[51.458079,35.612679],[51.458975,35.612741],[51.46053,35.613107],[51.461648,35.613666],[51.462262,35.614035],[51.462578,35.614457],[51.462658,35.61475],[51.462835,35.615392],[51.462935,35.616429],[51.463691,35.616939],[51.46365,35.61799],[51.463792,35.618168],[51.4637,35.618451],[51.4638,35.619475],[51.463298,35.619529],[51.463235,35.62245],[51.460462,35.625142],[51.457329,35.626869],[51.456406,35.627305],[51.455339,35.627732],[51.454175,35.628037],[51.453166,35.628473],[51.45308,35.628875],[51.452919,35.629188],[51.452651,35.629468],[51.448274,35.62938],[51.444154,35.629014],[51.442051,35.62863],[51.438425,35.627811],[51.436547,35.627235],[51.435187,35.626869],[51.432419,35.625683],[51.429672,35.624218],[51.427805,35.623241],[51.426046,35.622037],[51.423578,35.619979],[51.420574,35.617694],[51.419582,35.617092],[51.416298,35.615679],[51.411878,35.614877],[51.408273,35.614458],[51.403257,35.614429],[51.400153,35.614411]]]},"properties":{"id":59,"osm_id":-6729031,"name":"منطقه ۲۰ شهر تهران","type":"administrative","admin_leve":10}},{"type":"Feature","geometry":{"type":"Polygon","coordinates":[[[51.344125,35.664084],[51.344233,35.663657],[51.344447,35.663186],[51.344598,35.662933],[51.344683,35.662767],[51.344812,35.662366],[51.344866,35.662218],[51.345145,35.661486],[51.34522,35.661172],[51.345359,35.660763],[51.345713,35.6599],[51.346561,35.657938],[51.347087,35.656561],[51.348868,35.652577],[51.350295,35.648723],[51.351121,35.646849],[51.351496,35.645968],[51.352381,35.643552],[51.353052,35.641932],[51.354189,35.639237],[51.354371,35.638854],[51.35494,35.638113],[51.35508,35.637903],[51.355627,35.637415],[51.357153,35.636776],[51.36011,35.638408],[51.36188,35.639262],[51.363403,35.63996],[51.364905,35.640849],[51.367909,35.643482],[51.36909,35.644441],[51.369819,35.645069],[51.370549,35.646429],[51.3713,35.648382],[51.372094,35.6503],[51.372716,35.651137],[51.373703,35.651904],[51.374433,35.652532],[51.375741,35.653229],[51.377201,35.653683],[51.378703,35.653979],[51.380848,35.654241],[51.380982,35.654344],[51.381707,35.654903],[51.382581,35.655688],[51.382586,35.656298],[51.382495,35.6572],[51.382415,35.657919],[51.38234,35.659462],[51.382324,35.663099],[51.382281,35.663579],[51.382431,35.663849],[51.382731,35.664093],[51.382678,35.664555],[51.38242,35.665035],[51.382302,35.665322],[51.382012,35.666054],[51.381959,35.667031],[51.381884,35.667597],[51.381852,35.668504],[51.381766,35.670212],[51.381708,35.670848],[51.380346,35.670316],[51.376226,35.66866],[51.375325,35.668207],[51.372814,35.667588],[51.37157,35.667283],[51.370379,35.667065],[51.369016,35.666899],[51.368416,35.666934],[51.36701,35.667082],[51.365669,35.66723],[51.363201,35.667614],[51.35891,35.668581],[51.357225,35.668974],[51.35567,35.669505],[51.352998,35.670481],[51.352762,35.670499],[51.352408,35.670438],[51.349608,35.669174],[51.347408,35.668137],[51.346539,35.667701],[51.346089,35.667448],[51.345413,35.667126],[51.344952,35.666917],[51.344801,35.666803],[51.344651,35.666559],[51.34449,35.66601],[51.344447,35.6654],[51.344361,35.665025],[51.344158,35.664258],[51.344125,35.664084]]]},"properties":{"id":60,"osm_id":-6729502,"name":"منطقه ۱۷ شهر تهران","type":"administrative","admin_leve":10}},{"type":"Feature","geometry":{"type":"Polygon","coordinates":[[[51.447352,35.689598],[51.491738,35.692735],[51.494938,35.692922],[51.496467,35.694247],[51.49727,35.695012],[51.497518,35.695274],[51.497682,35.69552],[51.498072,35.696203],[51.498501,35.696866],[51.499183,35.697933],[51.499422,35.698292],[51.499567,35.698471],[51.500135,35.699107],[51.500331,35.699333],[51.500519,35.699564],[51.500698,35.6998],[51.500868,35.70004],[51.501028,35.700284],[51.501076,35.700394],[51.501109,35.700563],[51.501305,35.700952],[51.501343,35.701016],[51.501359,35.701043],[51.501379,35.701075],[51.501399,35.701107],[51.501414,35.701128],[51.501431,35.701153],[51.501448,35.701177],[51.501476,35.701213],[51.501505,35.701249],[51.501535,35.701283],[51.501567,35.701317],[51.5016,35.70135],[51.501634,35.701383],[51.50167,35.701414],[51.501707,35.701444],[51.501737,35.701468],[51.501766,35.70149],[51.501794,35.70151],[51.501827,35.701533],[51.501868,35.701561],[51.501922,35.701597],[51.502307,35.701852],[51.502388,35.701905],[51.502429,35.701931],[51.50246,35.701951],[51.502476,35.701961],[51.502508,35.70198],[51.502532,35.701993],[51.502557,35.702007],[51.502589,35.702025],[51.502606,35.702033],[51.502649,35.702054],[51.502693,35.702074],[51.502737,35.702093],[51.502782,35.70211],[51.502828,35.702127],[51.502875,35.702142],[51.502922,35.702155],[51.502969,35.702168],[51.503017,35.702179],[51.503066,35.70219],[51.503115,35.702198],[51.503134,35.702201],[51.503153,35.702204],[51.503192,35.70221],[51.503231,35.702214],[51.50327,35.702218],[51.50331,35.702222],[51.503357,35.702226],[51.50341,35.70223],[51.503492,35.702235],[51.504068,35.702271],[51.504172,35.702278],[51.504241,35.702283],[51.504276,35.702285],[51.504346,35.702291],[51.504381,35.702294],[51.504416,35.702297],[51.504451,35.7023],[51.504486,35.702304],[51.504522,35.702308],[51.504557,35.702312],[51.504592,35.702316],[51.504627,35.702321],[51.504663,35.702326],[51.504698,35.702331],[51.504732,35.702337],[51.504845,35.702357],[51.504853,35.702358],[51.504861,35.702359],[51.504868,35.70236],[51.504876,35.702361],[51.504883,35.702361],[51.504891,35.702361],[51.504899,35.702361],[51.504906,35.702361],[51.504914,35.70236],[51.504922,35.702359],[51.504929,35.702358],[51.504937,35.702357],[51.504944,35.702356],[51.504952,35.702354],[51.504959,35.702352],[51.504966,35.70235],[51.504988,35.702343],[51.505002,35.702339],[51.505017,35.702336],[51.505032,35.702332],[51.505046,35.70233],[51.505062,35.702327],[51.505077,35.702325],[51.505092,35.702324],[51.505107,35.702322],[51.505122,35.702322],[51.505138,35.702321],[51.505153,35.702322],[51.505168,35.702322],[51.505184,35.702323],[51.505199,35.702325],[51.505214,35.702327],[51.505229,35.702329],[51.505253,35.702333],[51.505293,35.70234],[51.505332,35.702348],[51.505371,35.702356],[51.505409,35.702366],[51.505447,35.702377],[51.505484,35.702389],[51.505521,35.702401],[51.505558,35.702415],[51.505594,35.70243],[51.505629,35.702446],[51.505663,35.702463],[51.505697,35.702481],[51.50573,35.702499],[51.505762,35.702519],[51.505794,35.702539],[51.505824,35.702561],[51.505854,35.702583],[51.505882,35.702606],[51.50591,35.70263],[51.505937,35.702654],[51.505962,35.70268],[51.505978,35.702699],[51.50601,35.702738],[51.506044,35.702776],[51.50608,35.702813],[51.506117,35.702849],[51.506156,35.702884],[51.506196,35.702918],[51.506237,35.702951],[51.50628,35.702982],[51.507281,35.703688],[51.507372,35.703751],[51.507466,35.703811],[51.507562,35.703868],[51.507661,35.703923],[51.507761,35.703976],[51.507864,35.704026],[51.507968,35.704073],[51.508075,35.704117],[51.508182,35.704159],[51.509207,35.704536],[51.509537,35.704664],[51.509863,35.7048],[51.510183,35.704944],[51.510497,35.705097],[51.510941,35.705322],[51.511683,35.705681],[51.511817,35.705748],[51.511949,35.705818],[51.512079,35.705891],[51.512206,35.705967],[51.51238,35.706075],[51.512555,35.706205],[51.512599,35.706239],[51.512641,35.706274],[51.512682,35.70631],[51.512722,35.706348],[51.51276,35.706387],[51.512797,35.706428],[51.512832,35.706469],[51.512863,35.706509],[51.512893,35.70655],[51.512921,35.706591],[51.512947,35.706634],[51.512972,35.706677],[51.512994,35.70672],[51.513015,35.706765],[51.513021,35.706778],[51.513029,35.706796],[51.513035,35.706813],[51.513041,35.70683],[51.513046,35.706848],[51.51305,35.706866],[51.513054,35.706884],[51.513057,35.706902],[51.513059,35.70692],[51.513069,35.707038],[51.513073,35.707114],[51.513075,35.707189],[51.513074,35.707264],[51.51307,35.707339],[51.513063,35.707414],[51.513053,35.707489],[51.51304,35.707563],[51.513024,35.707637],[51.513005,35.707711],[51.512983,35.707784],[51.512959,35.707857],[51.512931,35.707928],[51.512893,35.708022],[51.512764,35.708306],[51.512569,35.708761],[51.512216,35.709552],[51.511241,35.711828],[51.511213,35.711897],[51.511188,35.711967],[51.511166,35.712037],[51.511146,35.712108],[51.51113,35.71218],[51.511117,35.712251],[51.511107,35.712324],[51.5111,35.712396],[51.511096,35.712469],[51.511089,35.712564],[51.511087,35.712659],[51.511088,35.712755],[51.511094,35.71285],[51.511103,35.712945],[51.511116,35.71304],[51.511133,35.713134],[51.511154,35.713228],[51.511179,35.713321],[51.511208,35.713414],[51.51124,35.713506],[51.511572,35.714249],[51.51163,35.714385],[51.511683,35.714523],[51.51173,35.714661],[51.511772,35.714801],[51.511808,35.714942],[51.511839,35.715084],[51.512132,35.716514],[51.512503,35.717003],[51.512714,35.717142],[51.513077,35.717208],[51.513344,35.717222],[51.513641,35.717003],[51.513989,35.716784],[51.5147,35.716579],[51.515348,35.71655],[51.51604,35.716527],[51.516193,35.716593],[51.516264,35.716671],[51.516169,35.716837],[51.515828,35.717175],[51.515734,35.717383],[51.515642,35.71786],[51.515529,35.718021],[51.515397,35.71827],[51.515455,35.718374],[51.51571,35.718461],[51.515888,35.718455],[51.516155,35.718485],[51.516738,35.718259],[51.518227,35.718576],[51.518361,35.718182],[51.518624,35.718126],[51.518819,35.718004],[51.519027,35.717589],[51.519111,35.717335],[51.519281,35.717315],[51.519759,35.717273],[51.520139,35.717603],[51.520376,35.717612],[51.52075,35.717585],[51.520853,35.717579],[51.521384,35.717629],[51.521526,35.717625],[51.521773,35.717553],[51.521878,35.71754],[51.522094,35.717566],[51.522257,35.717589],[51.522415,35.717576],[51.522588,35.717533],[51.52275,35.717434],[51.522909,35.717437],[51.523053,35.717468],[51.523264,35.717459],[51.523427,35.717416],[51.523603,35.717389],[51.523861,35.717381],[51.524038,35.717366],[51.524183,35.717324],[51.524316,35.717193],[51.524386,35.717157],[51.524955,35.717234],[51.525076,35.717224],[51.525291,35.717064],[51.525612,35.716595],[51.525693,35.71636],[51.525678,35.716078],[51.525719,35.715981],[51.526293,35.715744],[51.527047,35.716077],[51.527204,35.717189],[51.527228,35.717412],[51.527306,35.717533],[51.527534,35.717644],[51.527704,35.717706],[51.527853,35.717674],[51.527988,35.717552],[51.528966,35.717214],[51.529375,35.717187],[51.529684,35.717231],[51.529904,35.717234],[51.530228,35.717193],[51.530564,35.717058],[51.530907,35.716837],[51.531083,35.716752],[51.531235,35.716695],[51.531307,35.716682],[51.531355,35.716744],[51.531389,35.716976],[51.531366,35.717188],[51.531367,35.717299],[51.531384,35.717403],[51.531654,35.717702],[51.531846,35.717841],[51.531987,35.717893],[51.532179,35.717946],[51.53228,35.717995],[51.532346,35.71806],[51.532442,35.718179],[51.532539,35.71825],[51.532645,35.718291],[51.532815,35.718341],[51.533072,35.718396],[51.533249,35.718412],[51.533406,35.718371],[51.53345,35.718275],[51.533453,35.718124],[51.533541,35.717758],[51.533679,35.717419],[51.533713,35.717285],[51.533705,35.717168],[51.533731,35.717091],[51.533758,35.717029],[51.533841,35.717029],[51.533938,35.716978],[51.533989,35.716905],[51.53404,35.716852],[51.534148,35.716827],[51.53422,35.716768],[51.534273,35.716677],[51.534635,35.717077],[51.534748,35.717431],[51.534784,35.71765],[51.534819,35.717723],[51.535413,35.717411],[51.53572,35.717358],[51.536066,35.717648],[51.536211,35.717867],[51.536362,35.717989],[51.536614,35.718066],[51.537082,35.718157],[51.537239,35.7182],[51.537526,35.718194],[51.537712,35.718188],[51.537958,35.718158],[51.538209,35.718098],[51.538442,35.717965],[51.53859,35.717887],[51.538723,35.717871],[51.53893,35.717938],[51.539118,35.717955],[51.539279,35.717943],[51.539407,35.717887],[51.539539,35.717793],[51.539584,35.717703],[51.539634,35.717519],[51.539646,35.717336],[51.539641,35.717235],[51.539571,35.717078],[51.53946,35.716948],[51.539418,35.716828],[51.539495,35.716731],[51.539572,35.716592],[51.539571,35.71642],[51.539529,35.716271],[51.539572,35.715988],[51.539668,35.715867],[51.539842,35.715813],[51.540151,35.715717],[51.540396,35.715669],[51.540957,35.715482],[51.541891,35.715183],[51.542042,35.715316],[51.542219,35.715431],[51.542504,35.715578],[51.542761,35.715702],[51.542875,35.71573],[51.542926,35.715738],[51.543,35.71572],[51.543068,35.715729],[51.543091,35.715775],[51.543166,35.71589],[51.543326,35.716015],[51.543582,35.716083],[51.543919,35.716211],[51.544289,35.716279],[51.544522,35.71627],[51.544624,35.716237],[51.544847,35.716102],[51.545074,35.715956],[51.545262,35.715789],[51.545415,35.71566],[51.545508,35.71556],[51.54563,35.715556],[51.545674,35.71564],[51.545624,35.715778],[51.545585,35.715922],[51.545629,35.716034],[51.54561,35.716098],[51.545544,35.716236],[51.545502,35.716333],[51.54546,35.716551],[51.54548,35.716679],[51.545564,35.716807],[51.545564,35.716842],[51.545498,35.716945],[51.545424,35.71707],[51.545405,35.717224],[51.545358,35.717454],[51.54537,35.71761],[51.545416,35.717708],[51.545568,35.717719],[51.545939,35.717765],[51.545902,35.717942],[51.548216,35.717657],[51.548743,35.717664],[51.548744,35.717864],[51.548806,35.718013],[51.549046,35.718082],[51.549254,35.718121],[51.549879,35.717945],[51.55,35.717889],[51.550334,35.718136],[51.550499,35.718434],[51.551346,35.718422],[51.551988,35.718419],[51.552482,35.718373],[51.552903,35.718344],[51.553904,35.717952],[51.554226,35.717844],[51.554479,35.717837],[51.554728,35.717812],[51.554957,35.717696],[51.555181,35.717449],[51.555373,35.717154],[51.555442,35.71715],[51.555307,35.718244],[51.556111,35.718225],[51.556443,35.718363],[51.556497,35.718562],[51.556457,35.718634],[51.557885,35.718509],[51.558378,35.718369],[51.560632,35.718223],[51.560666,35.717914],[51.561052,35.717894],[51.560984,35.717549],[51.56239,35.716731],[51.562681,35.716473],[51.562766,35.716348],[51.562882,35.716244],[51.563075,35.716155],[51.563246,35.716147],[51.563449,35.716168],[51.563552,35.716146],[51.563646,35.716039],[51.563735,35.715855],[51.563867,35.715716],[51.564009,35.71535],[51.564223,35.715332],[51.564584,35.715643],[51.564706,35.715967],[51.564786,35.716069],[51.565006,35.716153],[51.565096,35.716209],[51.565028,35.716425],[51.565059,35.716587],[51.565577,35.716984],[51.565767,35.716983],[51.565767,35.716983],[51.565851,35.716966],[51.566298,35.716655],[51.566368,35.716683],[51.56656,35.717042],[51.566722,35.717219],[51.566863,35.717327],[51.567017,35.717292],[51.567374,35.717113],[51.567689,35.717538],[51.567884,35.717679],[51.56804,35.717718],[51.568384,35.717641],[51.568558,35.717621],[51.568772,35.717647],[51.568981,35.717686],[51.569195,35.71763],[51.569371,35.717495],[51.569534,35.717322],[51.569614,35.717021],[51.569564,35.716715],[51.569426,35.716548],[51.569377,35.71642],[51.569363,35.716292],[51.569245,35.716143],[51.568929,35.715905],[51.569072,35.71582],[51.569437,35.715746],[51.570014,35.715845],[51.57018,35.715829],[51.570251,35.715672],[51.570609,35.715577],[51.570888,35.715534],[51.571936,35.715142],[51.57256,35.715293],[51.572652,35.71552],[51.572907,35.715689],[51.572721,35.716078],[51.572591,35.716361],[51.572447,35.716849],[51.572466,35.717059],[51.572594,35.717256],[51.572845,35.717375],[51.573264,35.717396],[51.574429,35.716647],[51.574676,35.716561],[51.57475,35.716601],[51.574826,35.716786],[51.574932,35.717093],[51.575101,35.717181],[51.575379,35.717184],[51.575661,35.717065],[51.575966,35.716846],[51.576233,35.716683],[51.576327,35.716715],[51.576368,35.716933],[51.576379,35.717038],[51.576573,35.71715],[51.57689,35.717148],[51.577187,35.717054],[51.57749,35.716957],[51.577759,35.716803],[51.577924,35.716727],[51.578016,35.716727],[51.578112,35.716794],[51.578167,35.71706],[51.578299,35.717234],[51.5785,35.717297],[51.578819,35.717306],[51.579023,35.717266],[51.579642,35.716844],[51.579822,35.716718],[51.579949,35.716833],[51.580033,35.717003],[51.580264,35.717078],[51.580631,35.717125],[51.580823,35.717173],[51.580982,35.716947],[51.581071,35.716893],[51.581169,35.71691],[51.581146,35.717395],[51.581146,35.717395],[51.581346,35.717582],[51.582127,35.718002],[51.582535,35.718171],[51.582871,35.718252],[51.583332,35.718314],[51.584132,35.718235],[51.584531,35.718215],[51.584756,35.718203],[51.584959,35.718236],[51.585159,35.718346],[51.585542,35.718696],[51.585967,35.718904],[51.586271,35.718955],[51.586556,35.719066],[51.58664,35.719175],[51.586839,35.71928],[51.587275,35.719387],[51.587614,35.719466],[51.587888,35.71951],[51.588205,35.719509],[51.588367,35.719496],[51.588515,35.719541],[51.588911,35.719895],[51.589131,35.720089],[51.589413,35.720214],[51.589758,35.720327],[51.589854,35.720318],[51.589811,35.720177],[51.589875,35.71963],[51.589905,35.719391],[51.590015,35.719335],[51.590178,35.719411],[51.590357,35.719538],[51.59041,35.719564],[51.590567,35.719554],[51.590719,35.719588],[51.59093,35.719804],[51.591588,35.719607],[51.591731,35.719602],[51.591841,35.71962],[51.592076,35.72017],[51.592286,35.72047],[51.592869,35.720622],[51.59315,35.72074],[51.593666,35.720992],[51.594042,35.721312],[51.59403,35.721693],[51.594064,35.721857],[51.594279,35.72213],[51.594459,35.722302],[51.594936,35.722346],[51.595321,35.722545],[51.595202,35.723775],[51.592316,35.723565],[51.589385,35.723435],[51.588236,35.723474],[51.588155,35.72347],[51.584798,35.723863],[51.580893,35.723723],[51.571537,35.724141],[51.566173,35.725186],[51.56274,35.726057],[51.559178,35.726197],[51.552225,35.725744],[51.544372,35.725186],[51.538621,35.724899],[51.538155,35.724771],[51.534228,35.724492],[51.528445,35.724143],[51.524701,35.723873],[51.522791,35.723769],[51.521857,35.722889],[51.521707,35.722785],[51.521343,35.722724],[51.520795,35.722741],[51.520527,35.722863],[51.52028,35.723229],[51.519969,35.723429],[51.519626,35.723429],[51.519057,35.723351],[51.514937,35.722097],[51.505743,35.719196],[51.49702,35.716557],[51.486656,35.713368],[51.477279,35.710476],[51.474651,35.709649],[51.472387,35.708925],[51.470381,35.708255],[51.461218,35.705563],[51.450715,35.702522],[51.448912,35.702017],[51.448901,35.701799],[51.448805,35.701599],[51.448569,35.701442],[51.448311,35.701337],[51.448172,35.701416],[51.447837,35.69555],[51.447352,35.689598]]]},"properties":{"id":61,"osm_id":-6729034,"name":"منطقه ۱۳ شهر تهران","type":"administrative","admin_leve":10}},{"type":"Feature","geometry":{"type":"Polygon","coordinates":[[[51.378245,35.700542],[51.37859,35.697297],[51.378729,35.697066],[51.378864,35.696922],[51.37888,35.696769],[51.378762,35.696565],[51.378708,35.696377],[51.378992,35.694456],[51.379282,35.693428],[51.379679,35.689594],[51.379851,35.688679],[51.379915,35.688296],[51.379861,35.686657],[51.380022,35.685211],[51.380333,35.681978],[51.380387,35.681028],[51.38073,35.679729],[51.380891,35.678753],[51.380988,35.677524],[51.380988,35.676679],[51.381138,35.67572],[51.38131,35.674674],[51.38146,35.673724],[51.381551,35.672583],[51.381708,35.670848],[51.381766,35.670212],[51.381852,35.668504],[51.381884,35.667597],[51.381959,35.667031],[51.382012,35.666054],[51.382302,35.665322],[51.38242,35.665035],[51.382678,35.664555],[51.382731,35.664093],[51.382431,35.663849],[51.382281,35.663579],[51.382324,35.663099],[51.38234,35.659462],[51.392999,35.658201],[51.39375,35.65963],[51.39699,35.659238],[51.399779,35.658976],[51.404897,35.658433],[51.40685,35.668876],[51.408405,35.677103],[51.410235,35.686515],[51.411439,35.692663],[51.4116,35.692854],[51.412839,35.69945],[51.412807,35.699764],[51.41285,35.700051],[51.412863,35.701219],[51.410298,35.701161],[51.409761,35.701196],[51.393352,35.700865],[51.392327,35.70083],[51.392155,35.70079],[51.391603,35.700673],[51.391174,35.700564],[51.39083,35.700621],[51.389875,35.700817],[51.389414,35.700821],[51.383009,35.700638],[51.378245,35.700542]]]},"properties":{"id":62,"osm_id":-6729111,"name":"منطقه ۱۱ شهر تهران","type":"administrative","admin_leve":10}},{"type":"Feature","geometry":{"type":"Polygon","coordinates":[[[51.38234,35.659462],[51.382415,35.657919],[51.382495,35.6572],[51.382586,35.656298],[51.382581,35.655688],[51.382624,35.655322],[51.38264,35.654829],[51.382817,35.654302],[51.383064,35.65384],[51.383343,35.653517],[51.383911,35.653099],[51.384856,35.652567],[51.386036,35.651965],[51.388074,35.650762],[51.389115,35.649882],[51.390456,35.648556],[51.391336,35.647641],[51.392001,35.646743],[51.39258,35.646133],[51.392924,35.64479],[51.392838,35.643657],[51.39228,35.642052],[51.391572,35.640989],[51.391164,35.63996],[51.391025,35.639471],[51.392355,35.638198],[51.393278,35.638059],[51.393407,35.637902],[51.393321,35.637571],[51.392913,35.637536],[51.397784,35.630403],[51.404715,35.619885],[51.403257,35.614429],[51.408273,35.614458],[51.411878,35.614877],[51.416298,35.615679],[51.419582,35.617092],[51.420574,35.617694],[51.423578,35.619979],[51.426046,35.622037],[51.427805,35.623241],[51.429672,35.624218],[51.432419,35.625683],[51.435187,35.626869],[51.436547,35.627235],[51.436225,35.629686],[51.435871,35.633261],[51.43467,35.643131],[51.434584,35.643707],[51.434434,35.644178],[51.433919,35.648258],[51.433543,35.651056],[51.431151,35.658981],[51.431054,35.659408],[51.430791,35.659383],[51.430528,35.659488],[51.430418,35.659623],[51.42485,35.659283],[51.419164,35.658925],[51.413767,35.65862],[51.411734,35.658424],[51.410669,35.658241],[51.409452,35.658089],[51.407445,35.658119],[51.406721,35.65818],[51.404897,35.658433],[51.399779,35.658976],[51.39699,35.659238],[51.39375,35.65963],[51.392999,35.658201],[51.38234,35.659462]]]},"properties":{"id":63,"osm_id":-6729110,"name":"منطقه ۱۶ شهر تهران","type":"administrative","admin_leve":10}},{"type":"Feature","geometry":{"type":"Polygon","coordinates":[[[51.325187,35.619839],[51.329842,35.613657],[51.334381,35.610488],[51.340581,35.608122],[51.347805,35.607427],[51.355241,35.608615],[51.356566,35.608827],[51.357766,35.609289],[51.360095,35.610036],[51.361486,35.610589],[51.363084,35.611008],[51.366164,35.611933],[51.368783,35.612633],[51.369869,35.612964],[51.37145,35.613325],[51.373173,35.613587],[51.375087,35.613975],[51.377474,35.614281],[51.37915,35.614365],[51.380543,35.614367],[51.383524,35.614372],[51.384772,35.614342],[51.386021,35.614312],[51.387577,35.614306],[51.389315,35.614301],[51.391906,35.614378],[51.39529,35.614359],[51.397328,35.614388],[51.400153,35.614411],[51.403257,35.614429],[51.404715,35.619885],[51.397784,35.630403],[51.392913,35.637536],[51.393321,35.637571],[51.393407,35.637902],[51.393278,35.638059],[51.392355,35.638198],[51.391025,35.639471],[51.391164,35.63996],[51.391572,35.640989],[51.39228,35.642052],[51.392838,35.643657],[51.392924,35.64479],[51.39258,35.646133],[51.392001,35.646743],[51.391336,35.647641],[51.390456,35.648556],[51.389115,35.649882],[51.388074,35.650762],[51.386036,35.651965],[51.384856,35.652567],[51.383911,35.653099],[51.383343,35.653517],[51.383064,35.65384],[51.382817,35.654302],[51.38264,35.654829],[51.382624,35.655322],[51.382581,35.655688],[51.381707,35.654903],[51.380982,35.654344],[51.380848,35.654241],[51.378703,35.653979],[51.377201,35.653683],[51.375741,35.653229],[51.374433,35.652532],[51.373703,35.651904],[51.372716,35.651137],[51.372094,35.6503],[51.3713,35.648382],[51.370549,35.646429],[51.369819,35.645069],[51.36909,35.644441],[51.367909,35.643482],[51.364905,35.640849],[51.363403,35.63996],[51.36188,35.639262],[51.36011,35.638408],[51.357153,35.636776],[51.356698,35.636524],[51.355732,35.63621],[51.35423,35.635809],[51.353307,35.63567],[51.351634,35.635617],[51.348179,35.634083],[51.342579,35.631083],[51.33715,35.628449],[51.334275,35.627037],[51.333073,35.626008],[51.331506,35.624839],[51.327623,35.62149],[51.325187,35.619839]]]},"properties":{"id":64,"osm_id":-6729109,"name":"منطقه ۱۹ شهر تهران","type":"administrative","admin_leve":10}},{"type":"Feature","geometry":{"type":"Polygon","coordinates":[[[51.420542,35.731612],[51.420789,35.730584],[51.421132,35.730114],[51.421433,35.729609],[51.422205,35.728747],[51.423428,35.72751],[51.424051,35.726726],[51.424469,35.726116],[51.425006,35.725019],[51.425006,35.724444],[51.425167,35.723599],[51.425432,35.722719],[51.425542,35.722353],[51.425918,35.721927],[51.426819,35.720908],[51.427248,35.719993],[51.427613,35.719104],[51.427924,35.718878],[51.4275,35.718142],[51.426974,35.717136],[51.426599,35.716243],[51.426406,35.715699],[51.426108,35.714941],[51.425915,35.714348],[51.425765,35.713416],[51.425625,35.712214],[51.425507,35.711047],[51.425614,35.709784],[51.425872,35.705637],[51.426097,35.702901],[51.426097,35.701945],[51.426131,35.701596],[51.427326,35.701546],[51.428087,35.70152],[51.431413,35.701607],[51.437025,35.701694],[51.438001,35.701729],[51.441123,35.701747],[51.447196,35.701843],[51.447399,35.701808],[51.447571,35.701572],[51.448172,35.701416],[51.448311,35.701337],[51.448569,35.701442],[51.448805,35.701599],[51.448901,35.701799],[51.448912,35.702017],[51.450715,35.702522],[51.461218,35.705563],[51.470381,35.708255],[51.472387,35.708925],[51.472204,35.709204],[51.471325,35.710171],[51.46654,35.715154],[51.465027,35.717297],[51.464533,35.718072],[51.463863,35.719344],[51.462447,35.7214],[51.459754,35.725668],[51.459062,35.727222],[51.458938,35.727775],[51.458877,35.728638],[51.458885,35.729604],[51.458949,35.730022],[51.459239,35.730432],[51.459292,35.73092],[51.459442,35.731163],[51.461256,35.733132],[51.463809,35.736145],[51.465912,35.738932],[51.466847,35.740346],[51.465826,35.740462],[51.464989,35.740497],[51.46367,35.740523],[51.462613,35.740798],[51.461663,35.741085],[51.46103,35.741211],[51.460269,35.741281],[51.459587,35.741246],[51.458944,35.741194],[51.457822,35.741111],[51.456964,35.741155],[51.453649,35.741459],[51.450468,35.74176],[51.446922,35.741991],[51.446405,35.742043],[51.445686,35.742173],[51.44501,35.742365],[51.444506,35.742513],[51.443594,35.742618],[51.442886,35.742609],[51.442124,35.742574],[51.440976,35.742583],[51.440005,35.74267],[51.439222,35.74267],[51.43831,35.742696],[51.437098,35.742687],[51.436325,35.742609],[51.435692,35.742496],[51.435113,35.742365],[51.434491,35.742086],[51.433761,35.741764],[51.433139,35.741398],[51.432538,35.741094],[51.432001,35.740867],[51.43125,35.740615],[51.430328,35.740475],[51.428568,35.740449],[51.424577,35.740284],[51.423,35.740247],[51.422828,35.738997],[51.422581,35.737699],[51.422356,35.736959],[51.421991,35.735566],[51.421755,35.734773],[51.421025,35.733528],[51.420575,35.732396],[51.420542,35.731612]]]},"properties":{"id":65,"osm_id":-6729036,"name":"منطقه ۷ شهر تهران","type":"administrative","admin_leve":10}},{"type":"Feature","geometry":{"type":"Polygon","coordinates":[[[51.377614,35.705227],[51.377893,35.702744],[51.37807,35.700662],[51.378245,35.700542],[51.383009,35.700638],[51.389414,35.700821],[51.389875,35.700817],[51.39083,35.700621],[51.391174,35.700564],[51.391603,35.700673],[51.392155,35.70079],[51.392327,35.70083],[51.393352,35.700865],[51.409761,35.701196],[51.410298,35.701161],[51.412863,35.701219],[51.41489,35.701265],[51.415297,35.70137],[51.418495,35.701387],[51.418865,35.701265],[51.419154,35.701204],[51.419412,35.701309],[51.419787,35.701396],[51.420109,35.701422],[51.426131,35.701596],[51.426097,35.701945],[51.426097,35.702901],[51.425872,35.705637],[51.425614,35.709784],[51.425507,35.711047],[51.425625,35.712214],[51.425765,35.713416],[51.425915,35.714348],[51.426108,35.714941],[51.426406,35.715699],[51.426599,35.716243],[51.426974,35.717136],[51.4275,35.718142],[51.427924,35.718878],[51.427613,35.719104],[51.427248,35.719993],[51.426819,35.720908],[51.425918,35.721927],[51.425542,35.722353],[51.425432,35.722719],[51.425167,35.723599],[51.425006,35.724444],[51.425006,35.725019],[51.424469,35.726116],[51.424051,35.726726],[51.423428,35.72751],[51.422205,35.728747],[51.421433,35.729609],[51.421132,35.730114],[51.420789,35.730584],[51.420542,35.731612],[51.420575,35.732396],[51.421025,35.733528],[51.421755,35.734773],[51.421991,35.735566],[51.422356,35.736959],[51.422581,35.737699],[51.422828,35.738997],[51.423,35.740247],[51.420436,35.740188],[51.418708,35.740153],[51.41755,35.740083],[51.416874,35.74024],[51.416166,35.740528],[51.415404,35.74098],[51.413779,35.742121],[51.412598,35.742652],[51.411193,35.743105],[51.409401,35.743506],[51.407084,35.743993],[51.406378,35.744076],[51.405482,35.744089],[51.404372,35.744019],[51.403235,35.743841],[51.401754,35.743332],[51.400821,35.742827],[51.400016,35.742343],[51.399034,35.741812],[51.398444,35.741607],[51.397398,35.741342],[51.396604,35.741229],[51.395848,35.741202],[51.39514,35.741263],[51.393911,35.741477],[51.392978,35.741773],[51.392104,35.742069],[51.390706,35.742618],[51.389826,35.742935],[51.389269,35.743105],[51.388807,35.743249],[51.388527,35.743303],[51.387712,35.743408],[51.386977,35.743449],[51.386475,35.743414],[51.385343,35.743258],[51.38412,35.743005],[51.383869,35.742454],[51.383633,35.741183],[51.383536,35.739894],[51.383547,35.737969],[51.38345,35.733563],[51.383407,35.731542],[51.383364,35.730671],[51.383332,35.729635],[51.383289,35.729034],[51.383214,35.728598],[51.382978,35.727719],[51.382463,35.726552],[51.381401,35.724967],[51.380639,35.723817],[51.380006,35.722859],[51.379598,35.722171],[51.379255,35.72143],[51.378697,35.720185],[51.378354,35.719218],[51.378204,35.718216],[51.378032,35.716657],[51.378,35.714305],[51.377925,35.712162],[51.377828,35.706891],[51.377807,35.706534],[51.377646,35.705689],[51.377614,35.705227]]]},"properties":{"id":67,"osm_id":-6729037,"name":"منطقه ۶ شهر تهران","type":"administrative","admin_leve":10}},{"type":"Feature","geometry":{"type":"Polygon","coordinates":[[[51.352208,35.67063],[51.352408,35.670438],[51.352762,35.670499],[51.352998,35.670481],[51.35567,35.669505],[51.357225,35.668974],[51.35891,35.668581],[51.363201,35.667614],[51.365669,35.66723],[51.36701,35.667082],[51.368416,35.666934],[51.369016,35.666899],[51.370379,35.667065],[51.37157,35.667283],[51.372814,35.667588],[51.375325,35.668207],[51.376226,35.66866],[51.380346,35.670316],[51.381708,35.670848],[51.381551,35.672583],[51.38146,35.673724],[51.38131,35.674674],[51.381138,35.67572],[51.380988,35.676679],[51.380988,35.677524],[51.380891,35.678753],[51.38073,35.679729],[51.380387,35.681028],[51.380333,35.681978],[51.380022,35.685211],[51.379861,35.686657],[51.379915,35.688296],[51.379851,35.688679],[51.379679,35.689594],[51.379282,35.693428],[51.378992,35.694456],[51.378708,35.696377],[51.378762,35.696565],[51.37888,35.696769],[51.378864,35.696922],[51.378729,35.697066],[51.37859,35.697297],[51.378245,35.700542],[51.37807,35.700662],[51.354986,35.700171],[51.355137,35.698987],[51.355148,35.696103],[51.355137,35.695902],[51.355341,35.695685],[51.35548,35.695397],[51.355588,35.695153],[51.355673,35.694935],[51.355845,35.6947],[51.356274,35.694421],[51.356736,35.694282],[51.356542,35.693541],[51.356424,35.693036],[51.356317,35.692443],[51.356156,35.691607],[51.355802,35.690099],[51.355566,35.68908],[51.355405,35.688182],[51.355105,35.686953],[51.354794,35.685934],[51.354643,35.685446],[51.354525,35.684967],[51.354525,35.684566],[51.354697,35.68379],[51.354804,35.683494],[51.354611,35.683346],[51.354365,35.683198],[51.354311,35.68311],[51.354386,35.682666],[51.354354,35.682274],[51.35445,35.681516],[51.354772,35.678709],[51.355008,35.676173],[51.352294,35.671022],[51.352208,35.670805],[51.352208,35.67063]]]},"properties":{"id":69,"osm_id":-6729501,"name":"منطقه ۱۰ شهر تهران","type":"administrative","admin_leve":10}},{"type":"Feature","geometry":{"type":"Polygon","coordinates":[[[51.404897,35.658433],[51.406721,35.65818],[51.407445,35.658119],[51.409452,35.658089],[51.410669,35.658241],[51.411734,35.658424],[51.413767,35.65862],[51.419164,35.658925],[51.42485,35.659283],[51.430418,35.659623],[51.430528,35.659488],[51.430791,35.659383],[51.431054,35.659408],[51.431236,35.659573],[51.431301,35.659696],[51.435067,35.659556],[51.437084,35.65987],[51.437523,35.659896],[51.439106,35.660197],[51.440254,35.660349],[51.440951,35.660389],[51.443306,35.660528],[51.445125,35.660681],[51.445307,35.660785],[51.445382,35.660894],[51.445404,35.661217],[51.445455,35.661879],[51.44568,35.665122],[51.445793,35.665152],[51.445875,35.665211],[51.44594,35.665322],[51.445982,35.665503],[51.445817,35.665688],[51.44617,35.671142],[51.446567,35.6772],[51.447496,35.689315],[51.447352,35.689598],[51.447837,35.69555],[51.448172,35.701416],[51.447571,35.701572],[51.447399,35.701808],[51.447196,35.701843],[51.441123,35.701747],[51.438001,35.701729],[51.437025,35.701694],[51.431413,35.701607],[51.428087,35.70152],[51.427326,35.701546],[51.426131,35.701596],[51.420109,35.701422],[51.419787,35.701396],[51.419412,35.701309],[51.419154,35.701204],[51.418865,35.701265],[51.418495,35.701387],[51.415297,35.70137],[51.41489,35.701265],[51.412863,35.701219],[51.41285,35.700051],[51.412807,35.699764],[51.412839,35.69945],[51.4116,35.692854],[51.411439,35.692663],[51.410235,35.686515],[51.408405,35.677103],[51.40685,35.668876],[51.404897,35.658433]]]},"properties":{"id":70,"osm_id":-6729112,"name":"منطقه ۱۲ شهر تهران","type":"administrative","admin_leve":10}},{"type":"Feature","geometry":{"type":"Polygon","coordinates":[[[51.262029,35.78209],[51.262396,35.781515],[51.262295,35.78142],[51.262277,35.781256],[51.262285,35.780359],[51.262365,35.780051],[51.263581,35.778396],[51.263663,35.778196],[51.263647,35.777524],[51.263792,35.776949],[51.263243,35.773671],[51.26233,35.770282],[51.263225,35.768273],[51.263471,35.767463],[51.264469,35.766445],[51.265016,35.765923],[51.265167,35.765505],[51.265821,35.764399],[51.266636,35.763468],[51.266636,35.763267],[51.266754,35.762945],[51.266647,35.762405],[51.266862,35.762153],[51.267066,35.761648],[51.267001,35.761483],[51.266787,35.761335],[51.266776,35.760725],[51.266905,35.760534],[51.267355,35.759646],[51.268096,35.758723],[51.268133,35.75837],[51.268557,35.757325],[51.268315,35.756668],[51.268412,35.756477],[51.268037,35.755858],[51.268401,35.754579],[51.268273,35.753865],[51.267929,35.752837],[51.267607,35.752141],[51.267135,35.750852],[51.266964,35.750242],[51.267049,35.749824],[51.267049,35.749372],[51.266771,35.748588],[51.266277,35.747508],[51.265912,35.74622],[51.265011,35.743189],[51.265977,35.743033],[51.266298,35.742736],[51.266513,35.741918],[51.266921,35.740873],[51.267328,35.740159],[51.267843,35.739305],[51.26853,35.739445],[51.269109,35.739601],[51.269517,35.738887],[51.270182,35.738504],[51.271599,35.737459],[51.273444,35.735822],[51.274645,35.734603],[51.275461,35.733592],[51.276663,35.732861],[51.27765,35.732338],[51.279495,35.731642],[51.280611,35.730771],[51.281769,35.729308],[51.282885,35.727496],[51.283872,35.726242],[51.284774,35.725162],[51.286147,35.723803],[51.288185,35.720998],[51.28988,35.718855],[51.29076,35.717392],[51.291237,35.716156],[51.292117,35.716243],[51.295379,35.7164],[51.299885,35.716557],[51.302181,35.716696],[51.305249,35.716713],[51.306451,35.716766],[51.307974,35.71687],[51.311257,35.716818],[51.31306,35.716696],[51.314605,35.716504],[51.317244,35.715929],[51.323016,35.714727],[51.324883,35.714309],[51.328552,35.713455],[51.332994,35.712584],[51.334828,35.712323],[51.33641,35.71201],[51.336192,35.71288],[51.336042,35.713499],[51.335967,35.713974],[51.335946,35.714636],[51.336015,35.715185],[51.336133,35.715868],[51.336149,35.716199],[51.336074,35.717232],[51.336074,35.717602],[51.33609,35.717798],[51.335999,35.718133],[51.335903,35.719131],[51.335769,35.720337],[51.335692,35.720825],[51.335673,35.72091],[51.335727,35.721454],[51.335719,35.721813],[51.335722,35.722007],[51.335738,35.722105],[51.335748,35.722164],[51.335719,35.722262],[51.33563,35.722375],[51.335402,35.722865],[51.33525,35.724085],[51.33511,35.725306],[51.334678,35.727908],[51.334539,35.729023],[51.334211,35.731466],[51.334088,35.732398],[51.333777,35.735268],[51.333482,35.737262],[51.333203,35.739443],[51.333047,35.740654],[51.332688,35.743388],[51.332361,35.746188],[51.332103,35.748774],[51.331932,35.74988],[51.331985,35.750768],[51.332286,35.751795],[51.334378,35.757193],[51.336137,35.762025],[51.337425,35.76536],[51.337596,35.766274],[51.337704,35.768668],[51.3375,35.769808],[51.336727,35.773342],[51.336202,35.777224],[51.336009,35.7784],[51.336202,35.778574],[51.336674,35.778809],[51.337468,35.779],[51.338187,35.779235],[51.338669,35.779435],[51.339002,35.779583],[51.339646,35.780567],[51.339978,35.781272],[51.340397,35.781881],[51.340826,35.782212],[51.341276,35.782534],[51.341566,35.782786],[51.341867,35.782699],[51.342049,35.783013],[51.342725,35.783691],[51.343143,35.784588],[51.343143,35.785354],[51.342628,35.785598],[51.342392,35.786355],[51.34221,35.786746],[51.342703,35.786955],[51.342231,35.787286],[51.341641,35.78773],[51.341319,35.787939],[51.341738,35.78847],[51.342703,35.788713],[51.343562,35.788835],[51.343819,35.789201],[51.34427,35.789775],[51.344313,35.790349],[51.344377,35.790906],[51.344248,35.791603],[51.344377,35.792281],[51.344649,35.793023],[51.344781,35.793449],[51.345121,35.793686],[51.345698,35.794462],[51.345663,35.794608],[51.345721,35.794716],[51.345735,35.794836],[51.34621,35.795189],[51.346403,35.795233],[51.346253,35.795398],[51.346184,35.795423],[51.345566,35.795124],[51.344701,35.794931],[51.34437,35.795003],[51.344275,35.795177],[51.34421,35.795284],[51.344241,35.795414],[51.344211,35.795589],[51.344219,35.795658],[51.344327,35.795774],[51.344441,35.795874],[51.344446,35.796007],[51.344396,35.796142],[51.344329,35.796254],[51.344008,35.796395],[51.343655,35.796491],[51.34351,35.796518],[51.343363,35.796606],[51.343137,35.796364],[51.343047,35.796286],[51.342776,35.796146],[51.342557,35.796096],[51.342409,35.796107],[51.34236,35.796177],[51.342277,35.79649],[51.342235,35.796745],[51.342266,35.796751],[51.34292,35.796835],[51.342984,35.79734],[51.342995,35.797846],[51.342959,35.798246],[51.342899,35.798584],[51.342847,35.798601],[51.341914,35.798366],[51.341596,35.798385],[51.341463,35.798488],[51.341318,35.798549],[51.341222,35.798644],[51.341216,35.798721],[51.341244,35.798831],[51.341607,35.799025],[51.341698,35.799132],[51.341827,35.799244],[51.341886,35.799384],[51.341913,35.799506],[51.341928,35.799652],[51.341913,35.799851],[51.341761,35.80022],[51.341539,35.800377],[51.341463,35.800484],[51.341425,35.80064],[51.341441,35.800765],[51.34151,35.800897],[51.341496,35.801128],[51.341512,35.801309],[51.341317,35.80155],[51.3413,35.801703],[51.341292,35.802035],[51.341342,35.80209],[51.341428,35.802308],[51.341479,35.802688],[51.341636,35.802783],[51.341663,35.802877],[51.341449,35.803027],[51.341417,35.803181],[51.341316,35.803346],[51.341293,35.803506],[51.341197,35.803645],[51.341083,35.803861],[51.340895,35.804026],[51.340769,35.804355],[51.340753,35.804409],[51.340683,35.804511],[51.340683,35.804512],[51.340689,35.804564],[51.340699,35.804609],[51.340721,35.804641],[51.340751,35.804674],[51.340775,35.804706],[51.34083,35.804766],[51.34085,35.804812],[51.340864,35.804921],[51.340861,35.804991],[51.340865,35.80503],[51.340864,35.805068],[51.340869,35.80511],[51.340873,35.80515],[51.340872,35.805225],[51.340873,35.805234],[51.340882,35.805257],[51.340891,35.805292],[51.340857,35.805385],[51.340809,35.805557],[51.340796,35.805649],[51.340792,35.805741],[51.340793,35.805808],[51.340803,35.805904],[51.340808,35.805919],[51.340817,35.805935],[51.340805,35.805964],[51.340806,35.806002],[51.340799,35.806035],[51.340767,35.806103],[51.340692,35.806222],[51.340665,35.806321],[51.340682,35.806508],[51.340679,35.806559],[51.340681,35.806583],[51.340696,35.806607],[51.340702,35.806618],[51.340706,35.806649],[51.340703,35.806666],[51.340708,35.806687],[51.340681,35.806746],[51.340658,35.806818],[51.340648,35.80688],[51.340645,35.806902],[51.340618,35.80694],[51.340611,35.806958],[51.340597,35.80701],[51.340596,35.807025],[51.340593,35.807039],[51.340581,35.807042],[51.340571,35.807052],[51.340562,35.80707],[51.340559,35.807086],[51.34054,35.807097],[51.34053,35.80711],[51.340518,35.807139],[51.340389,35.807308],[51.340263,35.807508],[51.340242,35.807532],[51.340227,35.807547],[51.340217,35.807563],[51.340216,35.807573],[51.340218,35.807585],[51.340205,35.807596],[51.340195,35.807608],[51.340191,35.807619],[51.340188,35.80763],[51.340186,35.807636],[51.340169,35.807642],[51.340107,35.807721],[51.340035,35.807779],[51.339921,35.807852],[51.339797,35.807918],[51.33974,35.807986],[51.339648,35.808058],[51.33959,35.808116],[51.339534,35.808171],[51.338976,35.808542],[51.338852,35.808715],[51.338532,35.808924],[51.338534,35.809209],[51.338276,35.810034],[51.337952,35.809996],[51.337795,35.808972],[51.337396,35.808742],[51.337197,35.808496],[51.337184,35.808268],[51.337272,35.808005],[51.337472,35.807699],[51.337591,35.807678],[51.337657,35.807606],[51.337669,35.807232],[51.337865,35.806854],[51.337937,35.804911],[51.337747,35.804895],[51.337522,35.804704],[51.337217,35.80424],[51.337126,35.803864],[51.33726,35.803468],[51.337502,35.802995],[51.337868,35.802881],[51.338243,35.802688],[51.338403,35.802544],[51.338407,35.802431],[51.338297,35.802252],[51.337685,35.801721],[51.337361,35.800714],[51.337276,35.800622],[51.336665,35.800275],[51.336664,35.800162],[51.336515,35.799888],[51.336502,35.799654],[51.336223,35.799291],[51.336,35.799128],[51.335692,35.798597],[51.335624,35.798568],[51.335622,35.798193],[51.335479,35.79806],[51.335724,35.798072],[51.336028,35.798224],[51.336784,35.798172],[51.337138,35.798079],[51.336765,35.797463],[51.336597,35.796929],[51.336302,35.796455],[51.33628,35.796189],[51.336183,35.796043],[51.335983,35.795889],[51.335919,35.795663],[51.336127,35.794766],[51.336009,35.794435],[51.336008,35.7942],[51.335863,35.79354],[51.335709,35.793505],[51.335221,35.793739],[51.334546,35.79352],[51.334423,35.793447],[51.334353,35.793065],[51.334094,35.792958],[51.334055,35.79289],[51.334019,35.79244],[51.333474,35.792317],[51.333262,35.792208],[51.333138,35.792073],[51.332683,35.791899],[51.332294,35.7921],[51.331848,35.792217],[51.331672,35.792497],[51.331444,35.792593],[51.331352,35.792761],[51.330981,35.792723],[51.33083,35.79278],[51.330755,35.792874],[51.330665,35.793184],[51.329987,35.793171],[51.329626,35.793442],[51.329326,35.793515],[51.329212,35.793638],[51.329104,35.793946],[51.328899,35.793971],[51.328649,35.79417],[51.328467,35.793485],[51.327736,35.793634],[51.327458,35.793763],[51.32735,35.79388],[51.326906,35.794053],[51.327218,35.792829],[51.327173,35.792811],[51.3271,35.792857],[51.327004,35.793095],[51.326648,35.793351],[51.326514,35.793519],[51.326416,35.793504],[51.326407,35.793016],[51.326221,35.792898],[51.32607,35.79269],[51.325926,35.79281],[51.325921,35.792869],[51.32582,35.792866],[51.325727,35.792669],[51.325638,35.792632],[51.32508,35.792819],[51.324767,35.792833],[51.324698,35.792784],[51.324834,35.79237],[51.324744,35.792012],[51.324779,35.791858],[51.324577,35.791769],[51.324531,35.791018],[51.324266,35.790819],[51.323921,35.791013],[51.323291,35.791087],[51.323017,35.790988],[51.323127,35.790843],[51.323177,35.790408],[51.323078,35.790334],[51.322788,35.790321],[51.322733,35.790243],[51.322527,35.790174],[51.322472,35.790108],[51.322503,35.789995],[51.322395,35.789794],[51.322002,35.789398],[51.322148,35.789276],[51.3221,35.789209],[51.322559,35.788984],[51.32271,35.78883],[51.322639,35.788428],[51.322546,35.78825],[51.322467,35.788205],[51.321669,35.788145],[51.321176,35.788032],[51.32074,35.788017],[51.319968,35.788148],[51.319755,35.787968],[51.319571,35.787928],[51.319366,35.788003],[51.319166,35.788157],[51.318663,35.788675],[51.318507,35.788712],[51.318214,35.788901],[51.317797,35.788552],[51.317485,35.788117],[51.317179,35.7875],[51.317125,35.78743],[51.31695,35.787362],[51.316762,35.78777],[51.316639,35.787879],[51.316327,35.787975],[51.315727,35.788033],[51.315333,35.78826],[51.314921,35.788265],[51.314549,35.788376],[51.314123,35.788127],[51.314206,35.787776],[51.313952,35.787336],[51.313685,35.787099],[51.313425,35.787005],[51.312058,35.787094],[51.311425,35.787244],[51.310746,35.787243],[51.310011,35.787422],[51.309728,35.78745],[51.309568,35.78755],[51.30906,35.787655],[51.308931,35.787974],[51.308829,35.788076],[51.308863,35.788289],[51.309002,35.788488],[51.30931,35.788703],[51.309348,35.788799],[51.309554,35.788885],[51.308341,35.789089],[51.307839,35.789089],[51.307451,35.789217],[51.307264,35.789416],[51.306953,35.789997],[51.306817,35.790424],[51.306485,35.790533],[51.306444,35.790592],[51.306703,35.791189],[51.306667,35.791336],[51.306696,35.791534],[51.306848,35.791842],[51.306582,35.791968],[51.306414,35.792234],[51.306402,35.792374],[51.306494,35.792599],[51.306605,35.792611],[51.306997,35.792499],[51.307444,35.792489],[51.30776,35.79254],[51.307177,35.79277],[51.306996,35.792902],[51.306937,35.793002],[51.306915,35.793304],[51.30644,35.793869],[51.305638,35.793775],[51.305218,35.793947],[51.305115,35.794164],[51.305144,35.794516],[51.303153,35.794521],[51.303117,35.794401],[51.303209,35.793597],[51.303147,35.793038],[51.303091,35.792904],[51.30293,35.792734],[51.302905,35.792618],[51.303092,35.791442],[51.302838,35.790605],[51.302679,35.790304],[51.302656,35.790104],[51.302472,35.789904],[51.302488,35.789558],[51.302016,35.788881],[51.302042,35.788729],[51.302209,35.788513],[51.302266,35.788109],[51.302228,35.787883],[51.302281,35.787691],[51.302805,35.787463],[51.302938,35.786926],[51.303303,35.786547],[51.303276,35.786479],[51.303131,35.786462],[51.303137,35.786255],[51.303227,35.786011],[51.303499,35.785572],[51.303417,35.785171],[51.303739,35.785162],[51.303835,35.784967],[51.303796,35.784716],[51.303992,35.784399],[51.303918,35.784291],[51.303962,35.784064],[51.303902,35.783658],[51.303938,35.78312],[51.303888,35.782964],[51.30379,35.782898],[51.303939,35.782794],[51.304014,35.782605],[51.303966,35.782499],[51.303724,35.782377],[51.303726,35.782319],[51.303435,35.782137],[51.303283,35.782117],[51.303025,35.782193],[51.302833,35.782095],[51.302733,35.782113],[51.302523,35.781914],[51.302303,35.781784],[51.302013,35.781799],[51.301717,35.781892],[51.301345,35.782562],[51.295745,35.781986],[51.29553,35.781218],[51.294612,35.781325],[51.2939,35.781319],[51.293533,35.781467],[51.293389,35.781575],[51.293315,35.781787],[51.293533,35.782367],[51.293656,35.782511],[51.293707,35.782915],[51.293707,35.783007],[51.293559,35.783071],[51.293426,35.783468],[51.293335,35.783543],[51.293041,35.783595],[51.29286,35.783504],[51.292625,35.78348],[51.291987,35.783574],[51.29175,35.783711],[51.291576,35.784088],[51.291297,35.784117],[51.290947,35.784044],[51.290696,35.784095],[51.290277,35.784296],[51.289929,35.784644],[51.289747,35.784718],[51.289622,35.784713],[51.289628,35.784563],[51.289468,35.784049],[51.289613,35.783505],[51.289777,35.783264],[51.290266,35.782872],[51.290751,35.782341],[51.291053,35.78189],[51.291136,35.781655],[51.29114,35.78146],[51.29135,35.781471],[51.291397,35.781397],[51.29143,35.781098],[51.291553,35.780775],[51.291436,35.780705],[51.291289,35.780336],[51.291348,35.780273],[51.291182,35.780221],[51.291082,35.780017],[51.290981,35.780024],[51.290832,35.780116],[51.290752,35.780281],[51.290528,35.780447],[51.290372,35.780467],[51.290192,35.780583],[51.290094,35.78081],[51.290309,35.780887],[51.290308,35.780987],[51.2899,35.781288],[51.28985,35.781475],[51.289683,35.78158],[51.289607,35.781573],[51.289534,35.781518],[51.289529,35.781188],[51.289383,35.781069],[51.28934,35.780894],[51.289061,35.780492],[51.289319,35.780128],[51.289337,35.780006],[51.288724,35.779888],[51.288376,35.780139],[51.288327,35.780327],[51.288371,35.780482],[51.288241,35.780484],[51.288035,35.780576],[51.287814,35.780291],[51.287402,35.780191],[51.287504,35.779964],[51.287483,35.779675],[51.287372,35.779541],[51.287131,35.779438],[51.286751,35.779611],[51.286512,35.779662],[51.286329,35.779886],[51.286023,35.779912],[51.285798,35.780104],[51.28578,35.780293],[51.286144,35.780653],[51.285886,35.781034],[51.285775,35.781298],[51.285713,35.781553],[51.285783,35.781862],[51.285401,35.78157],[51.285161,35.781569],[51.285205,35.781403],[51.285171,35.781291],[51.28485,35.781236],[51.284732,35.781315],[51.284714,35.781074],[51.283913,35.780797],[51.283589,35.780848],[51.283486,35.781054],[51.283311,35.781188],[51.282922,35.780672],[51.282612,35.780509],[51.282103,35.780508],[51.281975,35.78044],[51.281752,35.780414],[51.281704,35.78044],[51.281651,35.780639],[51.281294,35.780586],[51.280843,35.78075],[51.280749,35.780828],[51.28074,35.780992],[51.280959,35.78119],[51.281083,35.781429],[51.280736,35.781645],[51.280251,35.781821],[51.280051,35.782132],[51.280067,35.782189],[51.280308,35.782331],[51.280139,35.782529],[51.28011,35.782657],[51.280329,35.783186],[51.279807,35.783113],[51.279571,35.783043],[51.279358,35.782909],[51.279248,35.782929],[51.279231,35.7836],[51.27913,35.784011],[51.278737,35.784504],[51.278563,35.784616],[51.278282,35.784677],[51.278396,35.784526],[51.278483,35.784139],[51.278226,35.784081],[51.278335,35.783868],[51.278228,35.783663],[51.278142,35.783682],[51.277918,35.783908],[51.27778,35.783757],[51.277681,35.78353],[51.277569,35.78294],[51.277597,35.782779],[51.277703,35.782676],[51.277429,35.782364],[51.277387,35.782156],[51.277429,35.782018],[51.277272,35.781728],[51.277258,35.781514],[51.277039,35.781224],[51.276762,35.781056],[51.276532,35.780642],[51.276424,35.780624],[51.275911,35.780157],[51.275705,35.780116],[51.275293,35.780149],[51.27468,35.780026],[51.274502,35.779939],[51.274294,35.779958],[51.274185,35.779919],[51.274034,35.77966],[51.273862,35.779563],[51.273321,35.779507],[51.272976,35.779573],[51.272816,35.779725],[51.272833,35.77989],[51.273097,35.78019],[51.273526,35.780425],[51.273738,35.78065],[51.273999,35.780712],[51.274357,35.781039],[51.274307,35.781117],[51.274193,35.781055],[51.273995,35.781028],[51.273735,35.781126],[51.273347,35.781184],[51.273075,35.781298],[51.272811,35.781497],[51.272766,35.781652],[51.272766,35.78213],[51.272982,35.7826],[51.272668,35.782561],[51.272517,35.782589],[51.272154,35.782414],[51.271966,35.78242],[51.271825,35.782355],[51.271705,35.782362],[51.271511,35.782648],[51.271145,35.782895],[51.270885,35.782967],[51.270647,35.782893],[51.270331,35.782942],[51.26987,35.782601],[51.269524,35.78257],[51.269339,35.782494],[51.269199,35.782516],[51.268976,35.782692],[51.268803,35.783283],[51.268462,35.783642],[51.268477,35.783826],[51.268341,35.783986],[51.268252,35.784204],[51.267951,35.783875],[51.267592,35.783798],[51.267403,35.78371],[51.267183,35.783377],[51.266959,35.783226],[51.266924,35.783065],[51.266968,35.782882],[51.266509,35.783041],[51.265741,35.78264],[51.262809,35.781961],[51.262664,35.782193],[51.262533,35.782301],[51.262288,35.782353],[51.262107,35.782295],[51.262029,35.78209]]]},"properties":{"id":71,"osm_id":-6729507,"name":"منطقه ۵ شهر تهران","type":"administrative","admin_leve":10}},{"type":"Feature","geometry":{"type":"Polygon","coordinates":[[[51.08901,35.742835],[51.094183,35.741763],[51.097266,35.741125],[51.100194,35.740498],[51.100683,35.740418],[51.101551,35.740362],[51.102445,35.740211],[51.103432,35.740023],[51.105451,35.739853],[51.108869,35.738896],[51.11363,35.737524],[51.113663,35.737515],[51.113755,35.737488],[51.116438,35.736419],[51.123637,35.732858],[51.125218,35.73106],[51.128423,35.726585],[51.131668,35.723535],[51.13389,35.721546],[51.135838,35.719898],[51.13806,35.718268],[51.139054,35.717509],[51.141026,35.716325],[51.143319,35.715317],[51.147191,35.713882],[51.152285,35.712146],[51.159198,35.710303],[51.162051,35.709327],[51.166428,35.70807],[51.174049,35.70623],[51.177758,35.705227],[51.179874,35.704706],[51.180203,35.704624],[51.182852,35.703656],[51.183638,35.70335],[51.185948,35.70252],[51.190715,35.700783],[51.191223,35.700578],[51.193526,35.699648],[51.19601,35.698513],[51.206682,35.694404],[51.213036,35.691699],[51.219429,35.688993],[51.229897,35.684843],[51.232755,35.68371],[51.234262,35.682979],[51.237695,35.681864],[51.242674,35.681044],[51.252802,35.679528],[51.264625,35.677785],[51.266856,35.677471],[51.268981,35.677088],[51.277664,35.676526],[51.277778,35.676513],[51.278636,35.676481],[51.278749,35.677906],[51.279178,35.678463],[51.279886,35.679579],[51.280165,35.68045],[51.28053,35.680642],[51.281174,35.680991],[51.28171,35.681322],[51.281796,35.681601],[51.282354,35.682333],[51.282826,35.682891],[51.283362,35.683535],[51.283813,35.683989],[51.283791,35.684233],[51.283748,35.684616],[51.284221,35.685069],[51.2848,35.68554],[51.2851,35.685836],[51.285765,35.686185],[51.28628,35.686307],[51.286667,35.686742],[51.28716,35.687317],[51.287504,35.687945],[51.287654,35.68845],[51.287504,35.688869],[51.287546,35.689182],[51.28819,35.690001],[51.288147,35.691064],[51.288276,35.691622],[51.288834,35.692633],[51.289521,35.694166],[51.289778,35.695561],[51.289392,35.696327],[51.289392,35.696989],[51.289993,35.697861],[51.289821,35.699603],[51.290078,35.701991],[51.2901,35.702583],[51.290143,35.703054],[51.29025,35.703315],[51.290465,35.704116],[51.290529,35.705057],[51.2904,35.705737],[51.290272,35.706904],[51.290529,35.707235],[51.291216,35.707723],[51.291495,35.707967],[51.291323,35.709274],[51.291259,35.710494],[51.291409,35.710964],[51.291302,35.712462],[51.290958,35.71309],[51.290851,35.713996],[51.291001,35.714832],[51.291237,35.716156],[51.289907,35.716069],[51.289242,35.715999],[51.288061,35.715895],[51.284178,35.715816],[51.281302,35.715677],[51.27803,35.71552],[51.273599,35.715285],[51.272075,35.715206],[51.270305,35.715111],[51.269243,35.715093],[51.267752,35.715015],[51.265767,35.714901],[51.263417,35.714797],[51.262162,35.714727],[51.260939,35.714649],[51.259877,35.714623],[51.259512,35.71457],[51.258922,35.714501],[51.258096,35.714422],[51.257527,35.714379],[51.256111,35.7143],[51.255317,35.714257],[51.254598,35.714213],[51.252785,35.71417],[51.250403,35.714266],[51.249234,35.714353],[51.247807,35.714492],[51.247109,35.714623],[51.246198,35.714823],[51.24564,35.714901],[51.243075,35.715424],[51.240822,35.715912],[51.239428,35.716165],[51.237604,35.716548],[51.23534,35.716983],[51.233259,35.717358],[51.231531,35.717523],[51.229021,35.717689],[51.223774,35.717933],[51.219343,35.71836],[51.214118,35.719161],[51.210074,35.71998],[51.205943,35.721147],[51.203786,35.721835],[51.201104,35.722828],[51.198283,35.723908],[51.193497,35.725729],[51.189893,35.727157],[51.187382,35.72822],[51.18249,35.730197],[51.177029,35.732383],[51.174207,35.73348],[51.167448,35.736162],[51.163897,35.737591],[51.158468,35.739768],[51.154809,35.741248],[51.152427,35.742189],[51.14952,35.743181],[51.14776,35.743652],[51.144746,35.744244],[51.142546,35.744505],[51.140637,35.744705],[51.137718,35.744705],[51.136399,35.744705],[51.133588,35.74447],[51.131892,35.744235],[51.130305,35.743939],[51.12891,35.743643],[51.123395,35.742328],[51.120928,35.741936],[51.11919,35.741771],[51.117806,35.741745],[51.116164,35.741779],[51.115209,35.741875],[51.114319,35.741971],[51.110488,35.742398],[51.107248,35.742746],[51.104416,35.743068],[51.102013,35.743338],[51.100318,35.743521],[51.096927,35.743904],[51.095264,35.7442],[51.093478,35.744579],[51.092598,35.744797],[51.090849,35.745302],[51.090036,35.745547],[51.08956,35.745291],[51.089025,35.742904],[51.08901,35.742835]]]},"properties":{"id":72,"osm_id":-6729505,"name":"منطقه ۲۱ شهر تهران","type":"administrative","admin_leve":10}},{"type":"Feature","geometry":{"type":"Polygon","coordinates":[[[51.38412,35.743005],[51.385343,35.743258],[51.386475,35.743414],[51.386977,35.743449],[51.387712,35.743408],[51.388527,35.743303],[51.388807,35.743249],[51.389269,35.743105],[51.389826,35.742935],[51.390706,35.742618],[51.392104,35.742069],[51.392978,35.741773],[51.393911,35.741477],[51.39514,35.741263],[51.395848,35.741202],[51.396604,35.741229],[51.397398,35.741342],[51.398444,35.741607],[51.399034,35.741812],[51.400016,35.742343],[51.400821,35.742827],[51.401754,35.743332],[51.403235,35.743841],[51.404372,35.744019],[51.405482,35.744089],[51.406378,35.744076],[51.407084,35.743993],[51.409401,35.743506],[51.411193,35.743105],[51.412598,35.742652],[51.413779,35.742121],[51.415404,35.74098],[51.416166,35.740528],[51.416874,35.74024],[51.41755,35.740083],[51.418708,35.740153],[51.420436,35.740188],[51.423,35.740247],[51.424577,35.740284],[51.428568,35.740449],[51.430328,35.740475],[51.43125,35.740615],[51.432001,35.740867],[51.432538,35.741094],[51.433139,35.741398],[51.433761,35.741764],[51.434491,35.742086],[51.435113,35.742365],[51.435692,35.742496],[51.436325,35.742609],[51.437098,35.742687],[51.43831,35.742696],[51.439222,35.74267],[51.440005,35.74267],[51.440976,35.742583],[51.442124,35.742574],[51.442886,35.742609],[51.443594,35.742618],[51.444506,35.742513],[51.44501,35.742365],[51.445686,35.742173],[51.446405,35.742043],[51.446922,35.741991],[51.447099,35.742975],[51.447221,35.743336],[51.447297,35.743562],[51.448555,35.745591],[51.448942,35.746166],[51.44936,35.747106],[51.449478,35.747777],[51.449467,35.748308],[51.449167,35.750302],[51.448995,35.751625],[51.449618,35.751895],[51.45127,35.752905],[51.452268,35.753576],[51.452525,35.754743],[51.453823,35.76041],[51.45437,35.761055],[51.45466,35.761655],[51.455454,35.763893],[51.456044,35.765843],[51.456591,35.766496],[51.457868,35.767984],[51.460196,35.770726],[51.462267,35.77312],[51.464295,35.775349],[51.466612,35.778064],[51.468211,35.781546],[51.470094,35.785367],[51.47048,35.78605],[51.470898,35.786255],[51.471435,35.786372],[51.471976,35.786498],[51.472714,35.786696],[51.473165,35.786918],[51.473377,35.787103],[51.474002,35.787695],[51.475195,35.788894],[51.476346,35.790117],[51.475567,35.790085],[51.47392,35.790231],[51.471764,35.790701],[51.469682,35.791371],[51.466313,35.791893],[51.463191,35.792807],[51.460485,35.793194],[51.458489,35.792602],[51.456954,35.791451],[51.454146,35.790021],[51.449863,35.787711],[51.446559,35.786423],[51.442404,35.785274],[51.440974,35.784913],[51.439354,35.784591],[51.43765,35.784114],[51.43719,35.784017],[51.436712,35.783834],[51.435866,35.783401],[51.43494,35.782763],[51.43451,35.782415],[51.434167,35.782006],[51.433204,35.78095],[51.431683,35.779895],[51.430525,35.779182],[51.429296,35.778851],[51.427548,35.7787],[51.426705,35.780061],[51.425707,35.781375],[51.424248,35.782994],[51.424202,35.783038],[51.422585,35.784569],[51.421663,35.785771],[51.421046,35.78708],[51.420659,35.787916],[51.420182,35.78859],[51.419619,35.789274],[51.418256,35.790022],[51.416529,35.790596],[51.412945,35.791371],[51.410655,35.791758],[51.409271,35.791793],[51.40783,35.791715],[51.407004,35.791749],[51.405942,35.792054],[51.40458,35.792994],[51.40355,35.793516],[51.403142,35.793638],[51.402605,35.793664],[51.401865,35.793551],[51.401125,35.793238],[51.399202,35.792346],[51.397509,35.791854],[51.395962,35.791441],[51.394623,35.791045],[51.393733,35.790749],[51.393267,35.790446],[51.392827,35.790083],[51.392231,35.789419],[51.391944,35.789105],[51.391869,35.788618],[51.391869,35.7882],[51.392116,35.786685],[51.392963,35.782908],[51.393135,35.782012],[51.393135,35.781159],[51.393006,35.780175],[51.392513,35.779183],[51.391751,35.777947],[51.39056,35.776154],[51.390109,35.775492],[51.389594,35.774718],[51.388725,35.773386],[51.388017,35.772193],[51.387728,35.771462],[51.387513,35.770626],[51.387384,35.769878],[51.387341,35.769147],[51.387411,35.768346],[51.388237,35.763401],[51.388484,35.762017],[51.388666,35.76085],[51.388602,35.760101],[51.388522,35.759579],[51.38828,35.758909],[51.387958,35.758295],[51.387095,35.75661],[51.38673,35.755848],[51.386446,35.75496],[51.386295,35.754168],[51.386255,35.75328],[51.386116,35.751216],[51.386062,35.749849],[51.385987,35.748299],[51.385842,35.747098],[51.385391,35.745861],[51.384619,35.744294],[51.38412,35.743005]]]},"properties":{"id":73,"osm_id":-6728897,"name":"منطقه ۳ شهر تهران","type":"administrative","admin_leve":10}},{"type":"Feature","geometry":{"type":"Polygon","coordinates":[[[51.090036,35.745547],[51.090849,35.745302],[51.092598,35.744797],[51.093478,35.744579],[51.095264,35.7442],[51.096927,35.743904],[51.100318,35.743521],[51.102013,35.743338],[51.104416,35.743068],[51.107248,35.742746],[51.110488,35.742398],[51.114319,35.741971],[51.115209,35.741875],[51.116164,35.741779],[51.117806,35.741745],[51.11919,35.741771],[51.120928,35.741936],[51.123395,35.742328],[51.12891,35.743643],[51.130305,35.743939],[51.131892,35.744235],[51.133588,35.74447],[51.136399,35.744705],[51.137718,35.744705],[51.140637,35.744705],[51.142546,35.744505],[51.144746,35.744244],[51.14776,35.743652],[51.14952,35.743181],[51.152427,35.742189],[51.154809,35.741248],[51.158468,35.739768],[51.163897,35.737591],[51.167448,35.736162],[51.174207,35.73348],[51.177029,35.732383],[51.18249,35.730197],[51.187382,35.72822],[51.189893,35.727157],[51.193497,35.725729],[51.198283,35.723908],[51.201104,35.722828],[51.203786,35.721835],[51.205943,35.721147],[51.210074,35.71998],[51.214118,35.719161],[51.219343,35.71836],[51.223774,35.717933],[51.229021,35.717689],[51.231531,35.717523],[51.233259,35.717358],[51.23534,35.716983],[51.237604,35.716548],[51.239428,35.716165],[51.240822,35.715912],[51.243075,35.715424],[51.24564,35.714901],[51.246198,35.714823],[51.247109,35.714623],[51.247807,35.714492],[51.249234,35.714353],[51.250403,35.714266],[51.252785,35.71417],[51.254598,35.714213],[51.255317,35.714257],[51.256111,35.7143],[51.257527,35.714379],[51.258096,35.714422],[51.258922,35.714501],[51.259512,35.71457],[51.259877,35.714623],[51.260939,35.714649],[51.262162,35.714727],[51.263417,35.714797],[51.265767,35.714901],[51.267752,35.715015],[51.269243,35.715093],[51.270305,35.715111],[51.272075,35.715206],[51.273599,35.715285],[51.27803,35.71552],[51.281302,35.715677],[51.284178,35.715816],[51.288061,35.715895],[51.289242,35.715999],[51.289907,35.716069],[51.291237,35.716156],[51.29076,35.717392],[51.28988,35.718855],[51.288185,35.720998],[51.286147,35.723803],[51.284774,35.725162],[51.283872,35.726242],[51.282885,35.727496],[51.281769,35.729308],[51.280611,35.730771],[51.279495,35.731642],[51.27765,35.732338],[51.276663,35.732861],[51.275461,35.733592],[51.274645,35.734603],[51.273444,35.735822],[51.271599,35.737459],[51.270182,35.738504],[51.269517,35.738887],[51.269109,35.739601],[51.26853,35.739445],[51.267843,35.739305],[51.267328,35.740159],[51.266921,35.740873],[51.266513,35.741918],[51.266298,35.742736],[51.265977,35.743033],[51.265011,35.743189],[51.265912,35.74622],[51.266277,35.747508],[51.266771,35.748588],[51.267049,35.749372],[51.267049,35.749824],[51.266964,35.750242],[51.267135,35.750852],[51.267607,35.752141],[51.267929,35.752837],[51.268273,35.753865],[51.268401,35.754579],[51.268037,35.755858],[51.268412,35.756477],[51.268315,35.756668],[51.268557,35.757325],[51.268133,35.75837],[51.268096,35.758723],[51.267355,35.759646],[51.266905,35.760534],[51.266776,35.760725],[51.266787,35.761335],[51.267001,35.761483],[51.267066,35.761648],[51.266862,35.762153],[51.266647,35.762405],[51.266754,35.762945],[51.266636,35.763267],[51.266636,35.763468],[51.265821,35.764399],[51.265167,35.765505],[51.265016,35.765923],[51.264469,35.766445],[51.263471,35.767463],[51.263225,35.768273],[51.26233,35.770282],[51.262167,35.769455],[51.262191,35.769289],[51.260874,35.767834],[51.257027,35.764557],[51.255366,35.763068],[51.253712,35.763073],[51.253655,35.763669],[51.254644,35.770141],[51.253932,35.77038],[51.252877,35.770563],[51.25147,35.770574],[51.250153,35.770437],[51.249278,35.770185],[51.247155,35.769281],[51.2467,35.766501],[51.244674,35.765961],[51.240105,35.765734],[51.238806,35.765724],[51.238561,35.7656],[51.238254,35.765327],[51.238237,35.76463],[51.232015,35.762519],[51.218994,35.763295],[51.214285,35.763421],[51.212807,35.763615],[51.208474,35.764011],[51.207971,35.764227],[51.206937,35.764804],[51.205985,35.765142],[51.204354,35.765373],[51.203731,35.765374],[51.202678,35.765229],[51.201979,35.765004],[51.200846,35.764392],[51.20039,35.764023],[51.199218,35.763914],[51.197499,35.763853],[51.19539,35.763713],[51.190468,35.763626],[51.189121,35.763835],[51.187073,35.765031],[51.183956,35.767116],[51.183027,35.767566],[51.182064,35.767946],[51.180998,35.768158],[51.180275,35.768187],[51.179329,35.768188],[51.177246,35.768056],[51.175578,35.767738],[51.174713,35.767517],[51.172597,35.767183],[51.170117,35.76655],[51.169163,35.766256],[51.167465,35.765637],[51.165939,35.765049],[51.165386,35.764646],[51.164259,35.763685],[51.162847,35.762864],[51.161988,35.76243],[51.161263,35.762182],[51.159534,35.762147],[51.156919,35.761962],[51.155194,35.761723],[51.15349,35.761393],[51.151817,35.760973],[51.149428,35.760184],[51.147101,35.75928],[51.145097,35.758412],[51.142394,35.757472],[51.140105,35.756766],[51.137888,35.756163],[51.135651,35.755615],[51.133394,35.75512],[51.131131,35.7547],[51.129653,35.75446],[51.125884,35.754043],[51.124541,35.753833],[51.123488,35.75353],[51.122306,35.753884],[51.120737,35.754656],[51.120226,35.754816],[51.11968,35.754828],[51.119112,35.754668],[51.118199,35.754054],[51.117762,35.753841],[51.114396,35.752815],[51.113615,35.752727],[51.112878,35.752707],[51.110059,35.752304],[51.110485,35.752065],[51.110569,35.751917],[51.110588,35.751624],[51.110772,35.751434],[51.110567,35.75124],[51.110534,35.751082],[51.110403,35.750903],[51.110179,35.750815],[51.109849,35.750779],[51.109575,35.750668],[51.109334,35.750695],[51.109139,35.750895],[51.109268,35.750988],[51.109421,35.751228],[51.109508,35.751435],[51.109502,35.751583],[51.109147,35.751511],[51.108665,35.7515],[51.10826,35.751764],[51.108252,35.75176],[51.108236,35.751748],[51.108231,35.75174],[51.108213,35.751714],[51.108148,35.751647],[51.108139,35.751636],[51.108136,35.751632],[51.108099,35.751583],[51.10809,35.751571],[51.108073,35.751533],[51.108055,35.751491],[51.108032,35.751407],[51.108032,35.751406],[51.108011,35.751354],[51.107987,35.751312],[51.107933,35.751237],[51.107916,35.751223],[51.107895,35.751213],[51.107867,35.751205],[51.107853,35.751201],[51.107798,35.751201],[51.107661,35.751226],[51.107572,35.751249],[51.1075,35.751248],[51.107427,35.751244],[51.107375,35.751237],[51.107329,35.751225],[51.107308,35.751216],[51.1073,35.751213],[51.107288,35.751208],[51.107249,35.751182],[51.107192,35.751166],[51.107102,35.751151],[51.107077,35.751155],[51.107055,35.751163],[51.107023,35.75119],[51.106988,35.751245],[51.106948,35.751298],[51.106936,35.751303],[51.106923,35.7513],[51.10687,35.751253],[51.106854,35.751251],[51.106822,35.751272],[51.106806,35.751283],[51.106762,35.751324],[51.106755,35.75133],[51.106718,35.751371],[51.106709,35.75138],[51.106689,35.751417],[51.106681,35.751482],[51.10668,35.75149],[51.106679,35.751497],[51.106673,35.751523],[51.106661,35.751572],[51.106657,35.751663],[51.106658,35.751666],[51.106661,35.751682],[51.106663,35.751685],[51.106671,35.7517],[51.106687,35.751715],[51.106707,35.751726],[51.106748,35.751741],[51.106768,35.751749],[51.106794,35.751759],[51.106838,35.751783],[51.106875,35.751814],[51.106906,35.751853],[51.106928,35.751894],[51.106943,35.751937],[51.106958,35.752015],[51.106967,35.752064],[51.106967,35.752066],[51.106984,35.75219],[51.107002,35.752272],[51.107002,35.752292],[51.107001,35.75233],[51.107001,35.752339],[51.107001,35.752344],[51.107,35.752392],[51.107,35.752397],[51.107011,35.752443],[51.107017,35.752469],[51.10702,35.752481],[51.107025,35.752492],[51.107045,35.752537],[51.107052,35.752553],[51.107055,35.752592],[51.107048,35.752602],[51.10704,35.752605],[51.107024,35.75261],[51.107014,35.752618],[51.107022,35.752654],[51.107032,35.75268],[51.107035,35.752688],[51.107032,35.752701],[51.107024,35.752713],[51.107018,35.75272],[51.107008,35.752733],[51.107004,35.752738],[51.107001,35.75274],[51.106884,35.752798],[51.106869,35.752805],[51.106836,35.752812],[51.106809,35.752811],[51.106783,35.752805],[51.106763,35.752795],[51.106713,35.75277],[51.106706,35.752767],[51.106691,35.752762],[51.106679,35.752765],[51.106672,35.752783],[51.10667,35.752799],[51.106663,35.752809],[51.106653,35.75281],[51.106652,35.752808],[51.106628,35.752787],[51.10649,35.752662],[51.106428,35.752605],[51.106262,35.752452],[51.106223,35.752426],[51.106198,35.752418],[51.106171,35.752414],[51.106126,35.752416],[51.106081,35.752424],[51.106027,35.752451],[51.105993,35.752469],[51.10595,35.75248],[51.105946,35.752481],[51.105919,35.752478],[51.105894,35.752472],[51.105871,35.752458],[51.105853,35.752441],[51.10584,35.752426],[51.105824,35.752406],[51.10582,35.752402],[51.10581,35.752384],[51.105796,35.75236],[51.105781,35.752315],[51.105775,35.752303],[51.105747,35.752247],[51.105714,35.752213],[51.105686,35.752196],[51.105662,35.752182],[51.105656,35.752179],[51.105535,35.752123],[51.105457,35.75209],[51.105411,35.75207],[51.10531,35.752036],[51.105266,35.752026],[51.105247,35.752028],[51.105221,35.752044],[51.105197,35.752074],[51.105194,35.752084],[51.105176,35.752159],[51.105151,35.752227],[51.105153,35.752258],[51.105156,35.752279],[51.105156,35.752289],[51.105185,35.752594],[51.105198,35.752725],[51.105192,35.752764],[51.105182,35.752833],[51.105154,35.752896],[51.105121,35.752957],[51.10508,35.753083],[51.105029,35.753168],[51.105001,35.753213],[51.104985,35.75324],[51.104948,35.753316],[51.104916,35.75337],[51.10488,35.753422],[51.104819,35.753482],[51.10479,35.753515],[51.104777,35.753553],[51.104777,35.753584],[51.104776,35.753593],[51.10478,35.75361],[51.104784,35.753631],[51.10487,35.753878],[51.104881,35.753923],[51.104891,35.753965],[51.104884,35.754019],[51.104881,35.754045],[51.104882,35.754087],[51.104882,35.754088],[51.104885,35.754098],[51.104891,35.754123],[51.104917,35.754168],[51.104927,35.754207],[51.104955,35.75424],[51.104979,35.754276],[51.104949,35.754309],[51.104938,35.75432],[51.104924,35.754343],[51.104923,35.754368],[51.104918,35.754377],[51.104904,35.754384],[51.104823,35.754379],[51.104744,35.75437],[51.104688,35.754358],[51.104583,35.754334],[51.104496,35.754304],[51.104459,35.754283],[51.104424,35.754255],[51.104411,35.754255],[51.104381,35.754314],[51.104347,35.754348],[51.104281,35.754397],[51.104181,35.754456],[51.104069,35.754547],[51.104055,35.754547],[51.104033,35.754504],[51.10401,35.75449],[51.103985,35.75448],[51.103972,35.75448],[51.10396,35.754486],[51.103945,35.754505],[51.103943,35.754535],[51.103935,35.754564],[51.103891,35.754551],[51.103879,35.754551],[51.103839,35.75457],[51.103826,35.754572],[51.103801,35.754568],[51.103777,35.754561],[51.103759,35.754546],[51.103748,35.754542],[51.103735,35.754545],[51.103699,35.754564],[51.103687,35.754565],[51.103656,35.754549],[51.103629,35.75453],[51.103628,35.75453],[51.103621,35.754508],[51.103621,35.754487],[51.103648,35.75441],[51.10367,35.754317],[51.103679,35.754173],[51.103696,35.754083],[51.103699,35.754072],[51.103719,35.753994],[51.103736,35.753954],[51.103743,35.753876],[51.103743,35.753866],[51.103747,35.753801],[51.10374,35.753757],[51.103725,35.75372],[51.103713,35.753712],[51.10369,35.753709],[51.103668,35.75371],[51.103483,35.753747],[51.103381,35.753751],[51.103329,35.753767],[51.10328,35.753777],[51.103269,35.753776],[51.103267,35.753776],[51.103255,35.753771],[51.103247,35.753759],[51.103259,35.753723],[51.10328,35.753689],[51.103347,35.753626],[51.103475,35.753485],[51.103593,35.753344],[51.103644,35.753271],[51.10368,35.75319],[51.103707,35.753107],[51.103715,35.753071],[51.103716,35.753063],[51.103719,35.753021],[51.103716,35.752979],[51.103707,35.752938],[51.103694,35.752898],[51.103656,35.75282],[51.103614,35.752743],[51.103588,35.752706],[51.103568,35.752685],[51.103488,35.752603],[51.103453,35.75252],[51.103432,35.752487],[51.103395,35.752454],[51.103354,35.752423],[51.103309,35.752401],[51.103282,35.752396],[51.103254,35.752394],[51.10321,35.752401],[51.103167,35.75242],[51.103052,35.752514],[51.103008,35.752538],[51.102965,35.752551],[51.102912,35.752558],[51.102864,35.75256],[51.102815,35.752557],[51.102765,35.752526],[51.102714,35.752524],[51.102662,35.752531],[51.102611,35.752529],[51.102563,35.752516],[51.102516,35.752495],[51.102473,35.752467],[51.102413,35.752409],[51.102385,35.752371],[51.102367,35.752338],[51.102341,35.752254],[51.102299,35.75218],[51.102297,35.752154],[51.102296,35.752139],[51.102298,35.752097],[51.102304,35.752041],[51.102306,35.752019],[51.102306,35.751936],[51.102297,35.75181],[51.102285,35.75171],[51.102266,35.75167],[51.102242,35.751632],[51.102198,35.751576],[51.102187,35.751561],[51.102135,35.751516],[51.10208,35.751473],[51.102041,35.751453],[51.101898,35.751471],[51.101791,35.751518],[51.101704,35.751576],[51.101612,35.751623],[51.101566,35.751662],[51.101432,35.751742],[51.101397,35.751768],[51.101337,35.75183],[51.101295,35.751896],[51.101282,35.751933],[51.10128,35.751956],[51.101286,35.751988],[51.101287,35.751997],[51.101299,35.752018],[51.101309,35.752048],[51.101327,35.752062],[51.101347,35.752138],[51.101414,35.752287],[51.101439,35.752365],[51.10145,35.752453],[51.101467,35.752499],[51.101469,35.752518],[51.101472,35.752527],[51.101497,35.752593],[51.101521,35.752639],[51.101537,35.75267],[51.10155,35.752705],[51.101583,35.752827],[51.101595,35.752904],[51.101606,35.752941],[51.101609,35.752984],[51.101601,35.753006],[51.101593,35.753031],[51.101581,35.753113],[51.101583,35.753153],[51.101585,35.75319],[51.10158,35.753203],[51.10157,35.753225],[51.10155,35.753258],[51.101521,35.753295],[51.101474,35.753327],[51.101422,35.75335],[51.10133,35.753384],[51.101197,35.753424],[51.101187,35.753424],[51.10117,35.753347],[51.10115,35.753268],[51.101136,35.753228],[51.101117,35.75319],[51.101063,35.753111],[51.101018,35.753034],[51.101002,35.752996],[51.100983,35.752967],[51.100959,35.752941],[51.100946,35.752931],[51.100894,35.752911],[51.100846,35.752885],[51.100751,35.752861],[51.100694,35.752835],[51.100674,35.752835],[51.10064,35.752819],[51.100574,35.752752],[51.10055,35.752744],[51.100525,35.752739],[51.1005,35.752746],[51.100483,35.752761],[51.100478,35.7528],[51.100481,35.752834],[51.100493,35.752957],[51.100489,35.752994],[51.100487,35.752998],[51.100468,35.753034],[51.100436,35.753065],[51.100398,35.753089],[51.100271,35.753152],[51.100223,35.753172],[51.100126,35.753203],[51.100083,35.753222],[51.10003,35.753235],[51.099986,35.753231],[51.099941,35.753221],[51.099894,35.75322],[51.099797,35.753246],[51.099708,35.753278],[51.099621,35.753315],[51.099577,35.753341],[51.099546,35.753374],[51.099517,35.75343],[51.099502,35.753467],[51.099493,35.753487],[51.099492,35.75353],[51.099494,35.753552],[51.099496,35.75357],[51.099505,35.75361],[51.099537,35.753658],[51.099566,35.753692],[51.099588,35.753728],[51.099623,35.753799],[51.099619,35.753854],[51.099633,35.753918],[51.09963,35.753927],[51.099624,35.753932],[51.099617,35.753932],[51.099577,35.753933],[51.099521,35.753925],[51.099469,35.753912],[51.099278,35.75388],[51.099183,35.753855],[51.099094,35.753836],[51.099003,35.75381],[51.098958,35.753803],[51.098902,35.7538],[51.098875,35.753805],[51.098849,35.753813],[51.098769,35.753852],[51.098682,35.753901],[51.09859,35.753957],[51.098559,35.753976],[51.098521,35.754008],[51.098492,35.754042],[51.098475,35.754078],[51.098467,35.754116],[51.098466,35.754174],[51.098466,35.754183],[51.098469,35.754232],[51.098482,35.754278],[51.098516,35.754354],[51.098542,35.754394],[51.09859,35.754467],[51.098668,35.754611],[51.098699,35.754646],[51.098738,35.754676],[51.098865,35.75475],[51.098896,35.754773],[51.098909,35.754783],[51.098937,35.754822],[51.098933,35.754836],[51.098925,35.754839],[51.098894,35.754836],[51.098879,35.754835],[51.098868,35.754834],[51.098821,35.754839],[51.09872,35.754829],[51.098669,35.754828],[51.098571,35.754834],[51.098523,35.754826],[51.098428,35.754797],[51.098342,35.754759],[51.098172,35.754675],[51.098057,35.7546],[51.097972,35.754563],[51.097886,35.754534],[51.097813,35.75448],[51.097768,35.754462],[51.097744,35.754463],[51.09771,35.754456],[51.09768,35.754442],[51.097648,35.754423],[51.097616,35.754416],[51.097583,35.754417],[51.097552,35.754426],[51.097527,35.754443],[51.097509,35.754466],[51.0975,35.754492],[51.097503,35.754519],[51.097502,35.754551],[51.097489,35.754572],[51.097468,35.754588],[51.097441,35.754597],[51.097372,35.754613],[51.097311,35.754637],[51.09724,35.754692],[51.097213,35.754723],[51.097199,35.754746],[51.09719,35.754772],[51.0972,35.754814],[51.097203,35.754827],[51.097219,35.754955],[51.097235,35.754998],[51.097243,35.755077],[51.097243,35.755079],[51.097253,35.755108],[51.097304,35.755258],[51.097314,35.755301],[51.097309,35.755321],[51.097302,35.755334],[51.0973,35.755339],[51.097248,35.75541],[51.09719,35.755514],[51.097164,35.755588],[51.097155,35.755643],[51.097162,35.755659],[51.097164,35.755662],[51.097198,35.755691],[51.097208,35.755695],[51.097249,35.75571],[51.097306,35.755719],[51.097417,35.755728],[51.097464,35.755736],[51.097505,35.755751],[51.097542,35.755773],[51.097561,35.755792],[51.097561,35.755792],[51.097575,35.755814],[51.097593,35.755856],[51.097605,35.755898],[51.097605,35.755908],[51.097606,35.755941],[51.097605,35.755951],[51.097603,35.755976],[51.097602,35.755985],[51.097568,35.756107],[51.097558,35.756168],[51.097561,35.756209],[51.097562,35.756223],[51.097557,35.756261],[51.097557,35.756262],[51.097547,35.756272],[51.097539,35.756269],[51.097507,35.756203],[51.097454,35.756068],[51.097431,35.756032],[51.097421,35.756024],[51.097394,35.756019],[51.097367,35.756027],[51.097337,35.756056],[51.097312,35.756087],[51.097171,35.756289],[51.09713,35.756354],[51.097125,35.756364],[51.09708,35.756463],[51.096917,35.756658],[51.096849,35.756754],[51.096827,35.756789],[51.096784,35.756861],[51.096756,35.756915],[51.096747,35.756916],[51.096742,35.756909],[51.09673,35.756732],[51.09673,35.756726],[51.096724,35.756566],[51.096723,35.756542],[51.09674,35.7563],[51.096766,35.756163],[51.096769,35.756145],[51.096772,35.756099],[51.096767,35.756087],[51.096735,35.756061],[51.096662,35.756015],[51.096627,35.755984],[51.096598,35.75595],[51.096569,35.755907],[51.096513,35.755798],[51.096495,35.755786],[51.096473,35.75579],[51.096448,35.755806],[51.096368,35.755879],[51.096283,35.755949],[51.096236,35.755963],[51.096181,35.755968],[51.096136,35.755982],[51.096096,35.756004],[51.09606,35.756029],[51.09599,35.756097],[51.095897,35.756202],[51.095871,35.756238],[51.095858,35.756276],[51.095856,35.7563],[51.09586,35.756324],[51.095862,35.75633],[51.095876,35.75636],[51.095904,35.756402],[51.09593,35.756518],[51.095969,35.756599],[51.095969,35.756619],[51.095961,35.756636],[51.09596,35.756657],[51.095959,35.756674],[51.095962,35.756702],[51.095991,35.756924],[51.095991,35.756968],[51.095986,35.756977],[51.095981,35.756986],[51.095958,35.757004],[51.095955,35.75702],[51.095978,35.757059],[51.095981,35.757066],[51.096003,35.757107],[51.096021,35.757161],[51.09602,35.757179],[51.096007,35.757186],[51.096003,35.757186],[51.095941,35.757184],[51.095932,35.757189],[51.095918,35.757192],[51.095907,35.757187],[51.095904,35.757176],[51.095902,35.757136],[51.095898,35.757121],[51.095888,35.757109],[51.095866,35.757086],[51.095844,35.757078],[51.095817,35.757076],[51.095792,35.757078],[51.095767,35.757084],[51.095719,35.757112],[51.095705,35.757115],[51.09564,35.757102],[51.095588,35.757103],[51.095576,35.757109],[51.095533,35.757131],[51.095517,35.75713],[51.095499,35.757106],[51.095483,35.757097],[51.095453,35.757095],[51.095401,35.757098],[51.095372,35.757111],[51.095298,35.757198],[51.095229,35.757287],[51.095169,35.7574],[51.095158,35.757406],[51.095152,35.7574],[51.095129,35.757238],[51.095103,35.757197],[51.095088,35.757184],[51.095071,35.757176],[51.094996,35.757154],[51.094972,35.757137],[51.094968,35.757131],[51.094925,35.757107],[51.094854,35.757082],[51.094827,35.757079],[51.094799,35.75708],[51.094751,35.757091],[51.094704,35.757106],[51.094684,35.757119],[51.094621,35.757229],[51.094589,35.757264],[51.094445,35.757381],[51.09439,35.757447],[51.094359,35.757476],[51.094336,35.757486],[51.094328,35.757494],[51.094327,35.757513],[51.094338,35.75753],[51.09434,35.757556],[51.09434,35.757573],[51.094337,35.757615],[51.094336,35.757615],[51.094331,35.757623],[51.094306,35.757634],[51.094254,35.757706],[51.094227,35.757734],[51.094205,35.757766],[51.094194,35.757769],[51.094194,35.757769],[51.094188,35.757759],[51.094194,35.757713],[51.094197,35.757693],[51.094197,35.757613],[51.094188,35.757595],[51.094173,35.757579],[51.094123,35.75757],[51.094112,35.757565],[51.094107,35.757555],[51.09411,35.757537],[51.094107,35.757495],[51.094098,35.757455],[51.094087,35.757419],[51.09367,35.756543],[51.093584,35.756273],[51.09347,35.755918],[51.093395,35.755738],[51.093395,35.755728],[51.093311,35.755662],[51.093259,35.755621],[51.09321,35.755592],[51.093161,35.755543],[51.093025,35.755426],[51.092986,35.755337],[51.092974,35.755337],[51.092949,35.755288],[51.092895,35.755172],[51.092886,35.755152],[51.092939,35.754908],[51.092953,35.754848],[51.092894,35.754779],[51.092827,35.754713],[51.092788,35.754682],[51.092732,35.754628],[51.09268,35.754581],[51.092649,35.754512],[51.092615,35.754467],[51.092601,35.75443],[51.092585,35.754381],[51.092584,35.754335],[51.092568,35.754245],[51.092555,35.75416],[51.092553,35.754056],[51.092536,35.753878],[51.092535,35.753802],[51.092477,35.753451],[51.092459,35.753244],[51.092444,35.753189],[51.092429,35.753085],[51.0924,35.752998],[51.092377,35.752905],[51.092364,35.752817],[51.092351,35.75271],[51.092346,35.752536],[51.092329,35.752338],[51.092329,35.752328],[51.092329,35.752303],[51.092334,35.752214],[51.092338,35.752149],[51.092308,35.751989],[51.092291,35.751757],[51.092289,35.751645],[51.092273,35.751517],[51.092267,35.751268],[51.092253,35.75116],[51.092249,35.751022],[51.092248,35.750971],[51.092265,35.750872],[51.092267,35.750855],[51.09227,35.750837],[51.092255,35.750667],[51.092253,35.750643],[51.09227,35.750468],[51.092271,35.750456],[51.092277,35.750389],[51.09225,35.750347],[51.092237,35.750327],[51.092274,35.750198],[51.092278,35.750184],[51.092275,35.750079],[51.092275,35.750047],[51.09228,35.749975],[51.092285,35.749913],[51.092256,35.749766],[51.092254,35.74971],[51.092254,35.749709],[51.092259,35.749563],[51.092262,35.74949],[51.092247,35.749396],[51.092242,35.749179],[51.09215,35.749094],[51.092123,35.74898],[51.092078,35.748836],[51.092029,35.748723],[51.090357,35.74572],[51.090155,35.745612],[51.090036,35.745547]]]},"properties":{"id":74,"osm_id":-6729506,"name":"منطقه ۲۲ شهر تهران","type":"administrative","admin_leve":10}},{"type":"Feature","geometry":{"type":"Polygon","coordinates":[[[51.278636,35.676481],[51.285841,35.676215],[51.291018,35.676025],[51.308409,35.675397],[51.308752,35.675371],[51.309064,35.675258],[51.309192,35.674961],[51.309171,35.67395],[51.309128,35.673619],[51.308999,35.673175],[51.308806,35.67287],[51.308699,35.672521],[51.308667,35.672181],[51.308731,35.671954],[51.309107,35.671684],[51.310909,35.67151],[51.317153,35.670342],[51.323955,35.669174],[51.335693,35.667204],[51.339748,35.666516],[51.341186,35.666271],[51.34213,35.666245],[51.343192,35.666428],[51.344801,35.666803],[51.344952,35.666917],[51.345413,35.667126],[51.346089,35.667448],[51.346539,35.667701],[51.347408,35.668137],[51.349608,35.669174],[51.352408,35.670438],[51.352208,35.67063],[51.352208,35.670805],[51.352294,35.671022],[51.355008,35.676173],[51.354772,35.678709],[51.35445,35.681516],[51.354354,35.682274],[51.354386,35.682666],[51.354311,35.68311],[51.354365,35.683198],[51.354611,35.683346],[51.354804,35.683494],[51.354697,35.68379],[51.354525,35.684566],[51.354525,35.684967],[51.354643,35.685446],[51.354794,35.685934],[51.355105,35.686953],[51.355405,35.688182],[51.355566,35.68908],[51.355802,35.690099],[51.356156,35.691607],[51.356317,35.692443],[51.356424,35.693036],[51.356542,35.693541],[51.356736,35.694282],[51.356274,35.694421],[51.355845,35.6947],[51.355673,35.694935],[51.355588,35.695153],[51.35548,35.695397],[51.355341,35.695685],[51.355137,35.695902],[51.355148,35.696103],[51.355137,35.698987],[51.354986,35.700171],[51.342053,35.699895],[51.341565,35.700296],[51.341168,35.700645],[51.340631,35.701071],[51.340041,35.701516],[51.338872,35.701969],[51.338335,35.702213],[51.337971,35.70257],[51.33774,35.703406],[51.337493,35.705358],[51.336898,35.709766],[51.33663,35.71109],[51.33652,35.711569],[51.33641,35.71201],[51.334828,35.712323],[51.332994,35.712584],[51.328552,35.713455],[51.324883,35.714309],[51.323016,35.714727],[51.317244,35.715929],[51.314605,35.716504],[51.31306,35.716696],[51.311257,35.716818],[51.307974,35.71687],[51.306451,35.716766],[51.305249,35.716713],[51.302181,35.716696],[51.299885,35.716557],[51.295379,35.7164],[51.292117,35.716243],[51.291237,35.716156],[51.291001,35.714832],[51.290851,35.713996],[51.290958,35.71309],[51.291302,35.712462],[51.291409,35.710964],[51.291259,35.710494],[51.291323,35.709274],[51.291495,35.707967],[51.291216,35.707723],[51.290529,35.707235],[51.290272,35.706904],[51.2904,35.705737],[51.290529,35.705057],[51.290465,35.704116],[51.29025,35.703315],[51.290143,35.703054],[51.2901,35.702583],[51.290078,35.701991],[51.289821,35.699603],[51.289993,35.697861],[51.289392,35.696989],[51.289392,35.696327],[51.289778,35.695561],[51.289521,35.694166],[51.288834,35.692633],[51.288276,35.691622],[51.288147,35.691064],[51.28819,35.690001],[51.287546,35.689182],[51.287504,35.688869],[51.287654,35.68845],[51.287504,35.687945],[51.28716,35.687317],[51.286667,35.686742],[51.28628,35.686307],[51.285765,35.686185],[51.2851,35.685836],[51.2848,35.68554],[51.284221,35.685069],[51.283748,35.684616],[51.283791,35.684233],[51.283813,35.683989],[51.283362,35.683535],[51.282826,35.682891],[51.282354,35.682333],[51.281796,35.681601],[51.28171,35.681322],[51.281174,35.680991],[51.28053,35.680642],[51.280165,35.68045],[51.279886,35.679579],[51.279178,35.678463],[51.278749,35.677906],[51.278636,35.676481]]]},"properties":{"id":75,"osm_id":-6729508,"name":"منطقه ۹ شهر تهران","type":"administrative","admin_leve":10}},{"type":"Feature","properties":{},"geometry":{"type":"Polygon","coordinates":[[[51.381249,35.534682],[51.377788,35.534569],[51.373081,35.536372],[51.367405,35.548763],[51.355361,35.536484],[51.346362,35.540427],[51.34387,35.54099],[51.342071,35.540315],[51.338748,35.537611],[51.346085,35.529838],[51.349962,35.527697],[51.361037,35.521613],[51.355499,35.516317],[51.357161,35.515077],[51.35896,35.513387],[51.361037,35.511359],[51.362144,35.512373],[51.363806,35.514176],[51.366851,35.517331],[51.36962,35.519697],[51.371143,35.518683],[51.374327,35.518007],[51.380557,35.516204],[51.384848,35.514739],[51.383879,35.516768],[51.386925,35.518909],[51.387894,35.521387],[51.387478,35.524204],[51.38554,35.52781],[51.384156,35.529838],[51.381249,35.534682]]]}},{"type":"Feature","properties":{},"geometry":{"type":"Polygon","coordinates":[[[51.33874,35.537519],[51.331367,35.532437],[51.313206,35.523177],[51.308969,35.521573],[51.304108,35.518853],[51.28421,35.511187],[51.250792,35.491402],[51.24016,35.484723],[51.231957,35.480146],[51.216767,35.474827],[51.209628,35.470127],[51.203249,35.458992],[51.202337,35.454909],[51.199451,35.44204],[51.198236,35.430159],[51.200211,35.423723],[51.201881,35.419143],[51.201426,35.424837],[51.203704,35.433624],[51.20659,35.443277],[51.211147,35.451197],[51.217071,35.458002],[51.227096,35.465673],[51.235755,35.471487],[51.242893,35.479899],[51.252463,35.490907],[51.267501,35.500305],[51.281931,35.504386],[51.293019,35.508343],[51.301526,35.514402],[51.312918,35.52182],[51.323247,35.526641],[51.340259,35.532698],[51.342234,35.534058],[51.33874,35.537519]]]}},{"type":"Feature","properties":{},"geometry":{"type":"Polygon","coordinates":[[[51.198866,35.413437],[51.195736,35.413437],[51.192173,35.425146],[51.174587,35.431046],[51.163208,35.434511],[51.13082,35.444625],[51.125878,35.445374],[51.096912,35.455487],[51.094843,35.454644],[51.094154,35.454738],[51.090591,35.453146],[51.089556,35.452959],[51.085763,35.451648],[51.08243,35.451648],[51.079556,35.45221],[51.077947,35.453614],[51.068522,35.461011],[51.067257,35.460823],[51.066568,35.461385],[51.050361,35.459232],[51.048982,35.459232],[51.046798,35.458389],[51.07266,35.439756],[51.087832,35.424958],[51.09197,35.422148],[51.096683,35.420275],[51.10266,35.420275],[51.108522,35.417559],[51.179096,35.398447],[51.180705,35.399665],[51.19059,35.399009],[51.202544,35.403413],[51.201624,35.419713],[51.198866,35.413437]]]}},{"type":"Feature","properties":{},"geometry":{"type":"Polygon","coordinates":[[[51.088812,35.743048],[51.092424,35.749599],[51.088818,35.751004],[51.086799,35.75194],[51.080453,35.756622],[51.076848,35.759548],[51.073242,35.762356],[51.069204,35.764697],[51.064733,35.767974],[51.059396,35.771367],[51.054348,35.774059],[51.049445,35.777218],[51.044685,35.783185],[51.040496,35.788573],[51.038909,35.789977],[51.035881,35.791381],[51.031554,35.792784],[51.025352,35.796528],[51.024487,35.800622],[51.025064,35.802845],[51.02665,35.804833],[51.027948,35.80612],[51.030112,35.807991],[51.032131,35.809278],[51.034006,35.810565],[51.036313,35.812085],[51.037756,35.814658],[51.0379,35.816295],[51.037756,35.818751],[51.037467,35.821558],[51.037467,35.824014],[51.039486,35.824014],[51.040784,35.824949],[51.041506,35.826236],[51.044534,35.831498],[51.044679,35.833135],[51.044102,35.835006],[51.041794,35.83407],[51.038621,35.832199],[51.034727,35.831264],[51.027804,35.829744],[51.027516,35.831381],[51.027804,35.833719],[51.028093,35.836058],[51.022756,35.840501],[51.017997,35.843073],[51.015256,35.844359],[51.015545,35.847983],[51.013381,35.8481],[51.010209,35.844944],[51.005882,35.857686],[51.00343,35.863648],[51.003286,35.867154],[51.002853,35.869375],[51.000834,35.874867],[50.997949,35.877322],[50.993767,35.879542],[50.984969,35.882347],[50.980354,35.885852],[50.975883,35.887839],[50.969969,35.887488],[50.961604,35.886203],[50.932759,35.88445],[50.926702,35.865635],[50.911125,35.869375],[50.878386,35.885268],[50.856463,35.901158],[50.848243,35.904195],[50.826897,35.912022],[50.815936,35.914242],[50.789975,35.917045],[50.774975,35.924754],[50.759399,35.931995],[50.736467,35.94484],[50.718439,35.958033],[50.692478,35.974258],[50.671011,35.983987],[50.651546,35.97224],[50.702682,35.943933],[50.763385,35.912677],[50.836295,35.881142],[50.89271,35.857348],[50.909535,35.847721],[50.909147,35.83966],[50.91041,35.831894],[50.916516,35.822676],[50.925464,35.818237],[50.938202,35.816188],[50.951782,35.813115],[50.963651,35.807573],[50.970234,35.801147],[50.977609,35.79655],[50.994126,35.791557],[51.003938,35.790469],[51.013263,35.790222],[51.020603,35.788257],[51.028375,35.784746],[51.035682,35.778478],[51.042896,35.77255],[51.066027,35.759295],[51.063281,35.755216],[51.070215,35.75193],[51.065189,35.739729],[51.072263,35.736707],[51.082409,35.734025],[51.085387,35.733307],[51.089343,35.732703],[51.092136,35.733269],[51.095347,35.732967],[51.097826,35.732246],[51.100836,35.732231],[51.10187,35.732021],[51.10198,35.73238],[51.10331,35.733429],[51.103513,35.733834],[51.104325,35.733834],[51.105802,35.733594],[51.10595,35.733954],[51.106467,35.733819],[51.106467,35.733939],[51.107039,35.733744],[51.107205,35.73253],[51.107482,35.731901],[51.107944,35.731226],[51.110971,35.730612],[51.111451,35.731511],[51.112411,35.731496],[51.114479,35.730477],[51.114627,35.730687],[51.115015,35.731736],[51.114959,35.731826],[51.115644,35.732892],[51.113735,35.737501],[51.105394,35.739908],[51.102529,35.740193],[51.10052,35.740316],[51.096851,35.741254],[51.088812,35.743048]]]}},{"type":"Feature","properties":{},"geometry":{"type":"Polygon","coordinates":[[[51.046077,35.458579],[51.040716,35.46319],[51.036744,35.46609],[51.034964,35.467373],[51.033868,35.468209],[51.03195,35.469492],[51.030375,35.471333],[51.029759,35.472616],[51.028663,35.47401],[51.027704,35.47546],[51.025992,35.476798],[51.023048,35.478081],[51.019898,35.477858],[51.015652,35.476854],[51.012228,35.475237],[51.007708,35.472671],[51.002914,35.47111],[50.996066,35.469548],[50.995861,35.469771],[50.995107,35.469827],[50.994285,35.470273],[50.992299,35.473564],[50.990861,35.475404],[50.989492,35.476743],[50.985314,35.476408],[50.982986,35.476018],[50.982233,35.477858],[50.981616,35.478973],[50.979767,35.478973],[50.978124,35.478918],[50.977576,35.478137],[50.977096,35.476408],[50.976275,35.476631],[50.976138,35.478527],[50.972371,35.479475],[50.970659,35.48059],[50.968536,35.481371],[50.966208,35.481929],[50.964222,35.481873],[50.961209,35.482319],[50.958264,35.483658],[50.957374,35.484104],[50.955936,35.484494],[50.954497,35.482988],[50.953539,35.483434],[50.951347,35.485386],[50.950115,35.487171],[50.94806,35.489568],[50.946211,35.491631],[50.944568,35.492914],[50.943061,35.494308],[50.939911,35.495367],[50.937035,35.497263],[50.933953,35.498991],[50.934843,35.501054],[50.93861,35.501611],[50.932926,35.502336],[50.932926,35.503117],[50.93272,35.504343],[50.931967,35.505625],[50.930049,35.504399],[50.929296,35.505848],[50.928269,35.506852],[50.936213,35.512482],[50.936281,35.512984],[50.935665,35.513597],[50.934158,35.514489],[50.930794,35.516949],[50.928671,35.517841],[50.926606,35.519224],[50.923666,35.519224],[50.919797,35.518972],[50.912988,35.515319],[50.906643,35.511037],[50.900762,35.507131],[50.897203,35.504234],[50.898441,35.501084],[50.901381,35.48807],[50.904631,35.483408],[50.91144,35.478493],[50.919333,35.473704],[50.926916,35.470806],[50.936201,35.467529],[50.945796,35.465134],[50.957248,35.462109],[50.966223,35.461605],[50.969009,35.457319],[50.97133,35.457319],[50.978913,35.456815],[50.98727,35.456436],[50.992377,35.455932],[51.038029,35.456563],[51.044065,35.457319],[51.046077,35.458579]]]}}]}